Ticker,Name,Peter Lynch,Warren Buffett,Philip Fisher,Magic Formula,Benjamin Graham,Seth Klarman,Personal Model,Final Score
AAPL,Apple Inc.,0.81,50,30,50,40,33,75.0,42.57%
AMZN,"Amazon.com, Inc.",0.99,70,100,50,40,66,100.0,63.71%
NVDA,NVIDIA Corporation,1.46,70,100,50,60,66,87.5,69.07%
MSFT,Microsoft Corporation,0.89,70,100,50,60,66,100.0,66.57%
META,"Meta Platforms, Inc.",0.96,100,100,50,60,66,100.0,70.86%
GOOGL,Alphabet Inc.,1.16,100,100,50,60,66,100.0,75.14%
TSLA,"Tesla, Inc.",0.26,20,0,0,20,66,37.5,20.5%
GOOG,Alphabet Inc.,1.16,100,100,50,60,66,100.0,75.14%
AVGO,Broadcom Inc.,3.63,50,100,100,40,33,75.0,71.14%
JPM,JP Morgan Chase & Co.,0.52,80,30,0,80,33,50.0,41.86%
NFLX,"Netflix, Inc.",1.47,70,100,50,40,33,75.0,59.71%
BRKB,,0.0,20,0,0,20,33,12.5,12.21%
V,Visa Inc.,1.02,70,65,50,60,33,75.0,57.57%
LLY,Eli Lilly and Company,2.42,50,100,50,40,0,62.5,57.5%
XOM,Exxon Mobil Corporation,0.78,50,0,100,80,100,62.5,58.93%
MA,Mastercard Incorporated,1.01,50,100,50,40,33,87.5,58.64%
WMT,Walmart Inc.,0.51,70,65,50,60,33,75.0,53.29%
ORCL,Oracle Corporation,0.76,30,65,50,20,0,37.5,31.79%
COST,Costco Wholesale Corporation,0.4,70,65,50,60,66,75.0,55.14%
JNJ,Johnson & Johnson,1.99,100,65,50,80,33,87.5,70.07%
HD,"Home Depot, Inc. (The)",0.46,60,30,50,20,33,62.5,36.5%
PLTR,Palantir Technologies Inc.,0.58,70,100,0,40,66,62.5,51.21%
PG,Procter & Gamble Company (The),0.43,100,65,50,60,33,75.0,54.71%
ABBV,AbbVie Inc.,5.0,50,30,0,60,100,62.5,57.5%
BAC,Bank of America Corporation,1.54,70,0,0,100,67,50.0,51.71%
CVX,Chevron Corporation,0.8,50,0,100,60,100,75.0,57.86%
SAP,SAP  SE,1.76,70,65,50,60,66,87.5,67.64%
GE,GE Aerospace,0.34,50,100,50,40,33,62.5,47.93%
AMD,"Advanced Micro Devices, Inc.",4.05,40,70,0,40,66,62.5,54.07%
KO,Coca-Cola Company (The),0.91,80,65,50,40,33,87.5,53.64%
ASML,ASML Holding N.V. - New York Re,1.12,70,100,50,60,66,100.0,70.86%
CSCO,"Cisco Systems, Inc.",1.24,100,65,50,60,33,87.5,63.64%
PM,Philip Morris International Inc,1.93,70,35,50,80,100,87.5,71.07%
WFC,Wells Fargo & Company,1.21,70,35,0,100,67,50.0,53.14%
CRM,"Salesforce, Inc.",1.51,40,35,50,60,66,87.5,59.07%
NESN.SW,NESTLE N,0.41,60,30,0,40,33,50.0,30.43%
UNH,UnitedHealth Group Incorporated,1.53,80,65,100,60,33,75.0,69.71%
NOVN.SW,NOVARTIS N,1.56,100,100,100,80,33,87.5,82.21%
ABT,Abbott Laboratories,0.0,100,65,50,80,66,75.0,62.29%
IBM,International Business Machines,1.22,50,65,0,40,33,62.5,42.93%
AZN.L,ASTRAZENECA PLC ORD SHS $0.25,2.25,100,100,50,60,33,87.5,75.79%
ROG.SW,ROCHE GS,2.96,80,65,0,40,33,75.0,56.14%
HSBA.L,HSBC HOLDINGS PLC ORD $0.50 (UK,0.79,50,0,0,60,33,37.5,28.64%
GS,"Goldman Sachs Group, Inc. (The)",0.66,80,70,0,80,0,37.5,41.07%
LIN,Linde plc,0.9,70,30,50,60,33,75.0,48.29%
DIS,Walt Disney Company (The),2.26,70,35,0,100,100,75.0,68.57%
USD,ProShares Ultra Semiconductors,0.0,20,0,0,20,33,12.5,12.21%
INTU,Intuit Inc.,1.01,50,65,50,40,66,75.0,56.57%
SHEL.L,SHELL PLC ORD EUR0.07,1.25,70,0,100,80,66,75.0,63.0%
MCD,McDonald's Corporation,0.81,70,35,50,80,100,75.0,61.43%
MRK,"Merck & Company, Inc.",2.78,80,30,100,60,33,75.0,68.29%
CAT,"Caterpillar, Inc.",0.98,60,30,50,20,33,75.0,41.14%
RTX,RTX Corporation,1.42,40,35,0,60,33,62.5,40.07%
CBA.AX,CWLTH BANK FPO [CBA],0.0,100,0,0,60,33,25.0,31.14%
T,AT&T Inc.,1.9,50,35,50,80,67,75.0,61.71%
PEP,"Pepsico, Inc.",0.69,60,30,50,20,33,62.5,39.36%
SIE,416520,0.0,20,0,0,20,33,12.5,12.21%
BKNG,Booking Holdings Inc. Common St,1.72,20,35,50,60,100,75.0,59.29%
NOW,"ServiceNow, Inc.",1.12,70,100,50,40,66,87.5,66.21%
VZ,Verizon Communications Inc.,0.99,80,30,100,80,67,75.0,64.57%
RY.TO,ROYAL BANK OF CANADA,0.0,100,70,0,100,33,50.0,50.43%
GEV,GE Vernova Inc.,0.97,20,35,0,40,66,50.0,33.0%
SPGI,S&P Global Inc.,1.05,40,0,50,60,66,75.0,48.71%
C,"Citigroup, Inc.",2.27,70,35,0,100,67,62.5,62.07%
TMO,Thermo Fisher Scientific Inc,1.13,100,0,0,60,33,50.0,41.86%
7203.T,TOYOTA MOTOR CORP,0.0,30,0,50,60,67,25.0,33.14%
SCHW,Charles Schwab Corporation (The,2.87,80,100,0,40,0,62.5,54.64%
ISRG,"Intuitive Surgical, Inc.",0.72,70,100,50,40,66,75.0,60.14%
AXP,American Express Company,1.01,60,30,0,20,0,50.0,30.0%
MS,Morgan Stanley,1.15,80,70,0,80,0,62.5,48.93%
TXN,Texas Instruments Incorporated,1.3,70,100,50,60,0,75.0,57.86%
BA,Boeing Company (The),0.0,20,35,0,40,67,12.5,24.93%
UBER,"Uber Technologies, Inc.",0.25,100,100,50,60,33,75.0,59.71%
AMGN,Amgen Inc.,2.17,80,65,50,40,33,87.5,65.07%
QCOM,QUALCOMM Incorporated,1.03,100,100,50,80,33,87.5,71.5%
BLK,"BlackRock, Inc.",0.95,100,35,50,60,66,75.0,58.0%
8306.T,MITSUBISHI UFJ FINANCIAL GROUP ,0.53,50,0,0,80,67,37.5,36.36%
6758.T,SONY GROUP CORPORATION,0.34,100,0,50,60,33,62.5,43.64%
ICSUAGD,,0.0,20,0,0,20,33,12.5,12.21%
ULVR.L,UNILEVER PLC ORD 3 1/9P,1.17,60,30,0,20,33,62.5,36.5%
NOVO-B.CO,Novo Nordisk B A/S,1.33,100,100,100,80,33,87.5,78.64%
BSX,Boston Scientific Corporation,1.34,40,70,0,40,33,50.0,40.43%
ALV,"Autoliv, Inc.",0.0,100,65,100,80,33,62.5,62.93%
ACN,Accenture plc,1.08,100,65,100,80,66,100.0,80.14%
SHOP.TO,SHOPIFY INC,0.0,70,100,50,40,66,62.5,55.5%
PGR,Progressive Corporation (The),0.39,100,100,100,80,66,87.5,76.21%
NEE,"NextEra Energy, Inc.",0.78,50,70,0,60,0,37.5,33.93%
TJX,"TJX Companies, Inc. (The)",0.65,50,65,50,40,33,75.0,47.57%
HON,Honeywell International Inc.,1.11,80,30,50,40,33,75.0,51.14%
MC,Moelis & Company,0.0,100,100,50,60,33,62.5,57.93%
AMAT,"Applied Materials, Inc.",0.97,100,30,50,60,66,87.5,59.07%
PFE,"Pfizer, Inc.",2.08,100,70,50,100,67,62.5,78.5%
SU,Suncor Energy  Inc.,0.0,80,0,100,80,100,50.0,58.57%
ADBE,Adobe Inc.,1.92,100,65,50,40,33,75.0,62.57%
ETN,"Eaton Corporation, PLC",0.72,50,65,50,40,33,62.5,45.79%
COF,Capital One Financial Corporati,2.6,20,0,0,60,67,37.5,40.64%
GILD,"Gilead Sciences, Inc.",9.45,80,65,50,40,33,87.5,65.07%
UNP,Union Pacific Corporation,0.8,80,65,50,60,33,75.0,54.71%
SAN,"Banco Santander, S.A. Sponsored",0.75,100,0,0,100,67,37.5,46.36%
SYK,Stryker Corporation,1.04,70,35,50,60,33,62.5,51.5%
LOW,"Lowe's Companies, Inc.",0.8,70,0,50,80,100,62.5,54.64%
APH,Amphenol Corporation,1.03,70,100,50,60,33,75.0,62.57%
DHR,Danaher Corporation,1.19,20,0,0,60,66,50.0,35.14%
ANET,"Arista Networks, Inc.",0.83,70,100,50,40,66,87.5,61.93%
BHP.AX,BHP GROUP FPO [BHP],0.0,80,30,0,60,66,50.0,40.86%
DE,Deere & Company,1.27,60,30,50,20,33,75.0,45.43%
TD.TO,TORONTO-DOMINION BANK,0.0,80,30,0,80,67,37.5,42.07%
6501.T,HITACHI,0.0,40,0,0,60,33,25.0,22.57%
UBSG.SW,UBS GROUP N,3.26,70,35,0,80,67,62.5,59.21%
SAF,Saratoga Investment Corp 6.25% ,0.0,20,0,0,20,33,12.5,12.21%
CMCSA,Comcast Corporation,0.82,80,65,100,80,67,87.5,71.36%
TTE,TotalEnergies SE,1.41,50,0,100,80,67,62.5,58.5%
MU,"Micron Technology, Inc.",11.25,100,70,50,60,66,87.5,76.21%
ADP,"Automatic Data Processing, Inc.",0.57,80,30,50,40,33,62.5,45.07%
LRCX,Lam Research Corporation,0.91,70,100,50,60,66,100.0,66.57%
DTE,DTE Energy Company,0.66,60,35,0,60,0,25.0,28.57%
AIR,AAR Corp.,0.0,40,70,0,60,33,25.0,32.57%
COP,ConocoPhillips,0.21,80,30,100,80,100,75.0,66.43%
RR..L,,0.0,20,0,0,20,33,12.5,12.21%
BX,Blackstone Inc.,1.11,70,100,0,60,0,50.0,47.14%
SNPS,"Synopsys, Inc.",0.3,20,35,0,20,33,25.0,19.0%
BATS.L,BRITISH AMERICAN TOBACCO PLC OR,4.85,70,0,0,60,33,50.0,44.71%
MDT,Medtronic plc.,0.87,50,0,0,60,33,50.0,30.43%
ADI,"Analog Devices, Inc.",2.37,40,70,0,60,66,62.5,56.93%
AI,"C3.ai, Inc.",0.0,20,0,0,20,66,25.0,18.71%
KLAC,KLA Corporation,0.88,50,100,50,40,33,87.5,54.36%
IBE,,0.0,20,0,0,20,33,12.5,12.21%
UCG,,0.0,20,0,0,20,33,12.5,12.21%
MO,"Altria Group, Inc.",0.0,50,0,100,80,100,50.0,54.29%
CRWD,"CrowdStrike Holdings, Inc.",0.0,20,35,0,20,66,25.0,23.71%
CEG,Constellation Energy Corporatio,0.0,70,65,50,60,33,50.0,46.86%
WELL,Welltower Inc.,0.55,40,70,0,60,66,50.0,43.71%
TMUS,"T-Mobile US, Inc.",2.41,80,65,50,40,33,75.0,63.29%
PANW,"Palo Alto Networks, Inc.",1.08,50,65,50,20,66,75.0,53.71%
MELI,"MercadoLibre, Inc.",1.75,30,65,50,0,0,50.0,38.57%
ICE,Intercontinental Exchange Inc.,294.12,40,35,50,60,33,75.0,56.14%
ZURN.SW,ZURICH INSURANCE N,0.89,100,30,0,80,33,62.5,46.5%
7974.T,NINTENDO CO LTD,0.68,40,70,50,60,33,50.0,46.14%
MMC,"Marsh & McLennan Companies, Inc",1.02,80,65,50,40,33,75.0,56.14%
BBVA,Banco Bilbao Vizcaya Argentaria,0.78,80,30,0,80,67,50.0,46.71%
CME,CME Group Inc.,0.36,100,70,50,60,66,75.0,60.14%
SO,Southern Company (The),0.48,30,0,0,40,0,25.0,13.57%
CB,Chubb Limited,1.01,100,35,100,100,100,87.5,81.79%
SPOT,Spotify Technology S.A.,1.09,50,35,50,20,66,75.0,49.43%
ABBN.SW,ABB LTD N,0.72,70,30,50,60,33,62.5,46.5%
SBUX,Starbucks Corporation,0.74,20,0,50,60,100,62.5,44.64%
1299.HK,AIA,0.0,80,65,0,60,66,50.0,45.86%
ENB.TO,ENBRIDGE INC,0.0,50,70,0,60,33,37.5,35.79%
OR,OR Royalties Inc.,0.0,20,35,0,40,66,25.0,26.57%
PLD,"Prologis, Inc.",0.0,20,0,0,60,33,25.0,19.71%
AMT,American Tower Corporation (REI,0.04,30,30,50,20,33,62.5,32.21%
VRTX,Vertex Pharmaceuticals Incorpor,0.0,80,65,50,20,66,62.5,49.07%
CDNS,"Cadence Design Systems, Inc.",0.6,50,65,50,20,66,62.5,47.64%
ORLY,"O'Reilly Automotive, Inc.",0.91,40,0,50,60,100,75.0,49.29%
DASH,"DoorDash, Inc.",3.05,20,35,0,20,33,37.5,35.07%
INTC,Intel Corporation,0.0,20,0,0,60,67,12.5,22.79%
ISP,"ISP,0P0000LYZW,0",0.0,20,0,0,20,33,12.5,12.21%
PH,Parker-Hannifin Corporation,0.59,100,65,50,60,33,75.0,57.57%
8316.T,SUMITOMO MITSUI FINANCIAL GROUP,1.36,70,0,0,100,67,50.0,48.14%
BN.TO,BROOKFIELD CORPORATION,0.0,20,35,0,40,0,12.5,15.36%
BNP,14831,0.0,20,0,0,20,33,12.5,12.21%
BMY,Bristol-Myers Squibb Company,0.0,60,30,50,40,33,50.0,37.57%
RHM,Round Hill Music Royalty Ltd,0.0,20,0,0,20,33,12.5,12.21%
LMT,Lockheed Martin Corporation,1.25,60,30,50,20,33,75.0,45.43%
MCK,McKesson Corporation,1.79,50,35,50,60,100,75.0,63.57%
NKE,"Nike, Inc.",0.49,50,30,50,40,33,62.5,37.93%
MSTR,Strategy Inc,0.0,80,30,50,40,100,62.5,51.79%
CFR.SW,RICHEMONT N,0.67,100,65,0,60,33,62.5,48.64%
MUV2,,0.0,20,0,0,20,33,12.5,12.21%
WM,"Waste Management, Inc.",0.82,50,65,50,40,33,75.0,47.57%
REL.L,RELX PLC ORD 14 51/116P,0.86,30,30,0,20,33,62.5,27.93%
TT,Trane Technologies plc,0.75,70,65,50,60,33,75.0,53.29%
DUK,Duke Energy Corporation (Holdin,0.79,50,0,0,80,34,25.0,29.86%
MDLZ,"Mondelez International, Inc.",0.41,100,0,0,60,33,37.5,32.93%
MCO,Moody's Corporation,0.89,50,30,50,40,33,62.5,40.79%
KKR,KKR & Co. Inc.,3.19,20,35,50,40,0,37.5,40.36%
BP..L,,0.0,20,0,0,20,33,12.5,12.21%
APP,Applovin Corporation,1.15,50,100,50,20,33,75.0,54.0%
CS,,0.0,20,0,0,20,33,12.5,12.21%
SHW,Sherwin-Williams Company (The),0.6,30,30,50,20,33,62.5,35.07%
7011.T,MITSUBISHI HEAVY INDUSTRIES,0.0,20,0,0,40,33,12.5,15.07%
MMM,3M Company,0.61,60,30,50,20,0,50.0,32.86%
NOC,Northrop Grumman Corporation,0.59,80,65,50,40,33,75.0,51.86%
CSL.AX,CSL FPO [CSL],0.0,100,65,0,60,33,50.0,44.0%
6098.T,RECRUIT HOLDINGS CO LTD,0.7,100,65,0,60,66,75.0,55.14%
EL,"Estee Lauder Companies, Inc. (T",0.0,0,0,0,20,33,25.0,11.14%
RCL,Royal Caribbean Cruises Ltd.,1.98,80,100,50,40,33,87.5,66.5%
INGA,,0.0,20,0,0,20,33,12.5,12.21%
VST,Vistra Corp.,0.44,30,65,50,20,33,62.5,37.21%
BK,The Bank of New York Mellon Cor,1.77,70,35,0,100,67,62.5,58.5%
AJG,Arthur J. Gallagher & Co.,2.03,40,70,0,60,33,50.0,50.43%
ENEL,,0.0,20,0,0,20,33,12.5,12.21%
CI,The Cigna Group,3.88,80,35,100,80,67,62.5,74.93%
PNC,"PNC Financial Services Group, I",1.0,70,35,0,100,67,50.0,53.14%
ENR,"Energizer Holdings, Inc.",0.0,60,30,100,40,33,50.0,44.71%
NAB.AX,NAT. BANK FPO [NAB],0.0,70,0,0,100,33,25.0,32.57%
RMS,,0.0,20,0,0,20,33,12.5,12.21%
CTAS,Cintas Corporation,0.53,70,30,50,60,33,50.0,44.71%
HOOD,"Robinhood Markets, Inc.",0.0,50,100,0,20,0,25.0,27.86%
D05.SI,DBS,0.46,100,30,0,100,33,50.0,44.71%
TDG,Transdigm Group Incorporated,0.53,40,0,50,60,100,50.0,45.71%
EMR,Emerson Electric Company,1.43,40,35,0,60,33,62.5,40.07%
BMO.TO,BANK OF MONTREAL,0.0,70,70,0,100,67,37.5,49.21%
GSK.L,GSK PLC ORD 31 1/4P,5.63,80,65,100,60,33,87.5,75.07%
FI,"Fiserv, Inc.",3.76,80,35,50,40,33,75.0,59.0%
9984.T,SOFTBANK GROUP CORP,0.0,60,30,0,40,33,37.5,28.64%
CVS,CVS Health Corporation,3.21,30,0,0,40,67,50.0,41.0%
EQIX,"Equinix, Inc.",0.67,20,35,0,40,33,37.5,26.5%
WBC.AX,WESTPAC FPO [WBC],0.0,70,0,0,100,67,25.0,37.43%
8766.T,TOKIO MARINE HOLDINGS INC,0.0,100,100,50,100,33,62.5,63.64%
NEM,Newmont Corporation,0.0,100,100,100,100,66,75.0,77.29%
8411.T,MIZUHO FINANCIAL GROUP,1.5,70,0,0,100,67,50.0,51.71%
PRX,756474,0.0,20,0,0,20,33,12.5,12.21%
BARC.L,BARCLAYS PLC ORD 25P,1.53,70,70,0,80,33,62.5,55.79%
WMB,"Williams Companies, Inc. (The)",0.89,50,100,50,40,33,87.5,54.36%
ITW,Illinois Tool Works Inc.,0.55,60,30,50,20,33,62.5,39.36%
DG,Dollar General Corporation,1.23,80,65,50,80,33,75.0,61.86%
BA..L,,0.0,20,0,0,20,33,12.5,12.21%
AON,Aon plc,1.3,80,100,50,40,33,75.0,61.14%
JCI,Johnson Controls International ,1.38,20,0,0,40,33,50.0,27.57%
MSI,"Motorola Solutions, Inc.",1.15,50,65,50,40,33,87.5,53.64%
GD,General Dynamics Corporation,1.05,100,65,50,60,66,100.0,70.14%
6861.T,KEYENCE CORP,0.75,20,0,50,40,33,50.0,30.43%
BNS.TO,BANK OF NOVA SCOTIA,0.0,70,70,0,100,67,37.5,49.21%
PYPL,"PayPal Holdings, Inc.",2.67,100,65,100,60,33,75.0,76.14%
CRH,CRH PLC,0.82,100,0,50,60,33,75.0,48.29%
MRVL,"Marvell Technology, Inc.",0.0,20,35,0,40,66,25.0,26.57%
ZTS,Zoetis Inc.,0.92,80,65,50,40,33,87.5,53.64%
RIO.L,RIO TINTO PLC ORD 10P,0.0,80,30,0,60,66,50.0,40.86%
HWM,Howmet Aerospace Inc.,0.0,70,65,50,60,33,50.0,46.86%
EOG,"EOG Resources, Inc.",0.27,80,30,100,80,66,75.0,61.57%
ECL,Ecolab Inc.,0.7,30,65,50,20,33,62.5,40.07%
NG..L,,0.0,20,0,0,20,33,12.5,12.21%
8035.T,TOKYO ELECTRON,0.54,80,30,50,40,66,75.0,51.57%
USB,U.S. Bancorp,1.22,70,35,0,100,67,62.5,54.93%
CSU.TO,CONSTELLATION SOFTWARE INC.,0.0,30,65,50,20,33,37.5,33.64%
AEM.TO,AGNICO EAGLE MINES LIMITED,0.0,100,70,50,60,66,62.5,58.36%
8058.T,MITSUBISHI CORP,0.0,50,0,0,80,67,25.0,31.71%
CSX,CSX Corporation,0.85,60,30,50,20,33,75.0,41.14%
HCA,"HCA Healthcare, Inc.",1.72,100,65,100,100,100,100.0,91.43%
CP.TO,CANADIAN PACIFIC KANSAS CITY LI,0.0,70,35,0,80,66,50.0,43.0%
AZO,"AutoZone, Inc.",0.72,50,0,50,40,100,62.5,46.07%
CNQ.TO,CDN NATURAL RES,0.0,100,65,100,100,66,75.0,72.29%
SNOW,Snowflake Inc.,0.0,0,35,0,0,33,12.5,11.5%
CM.TO,CANADIAN IMPERIAL BANK OF COMME,0.0,100,35,0,100,67,37.5,48.5%
RBLX,Roblox Corporation,0.0,0,35,0,0,33,12.5,11.5%
8001.T,ITOCHU CORP,0.0,100,65,0,100,33,50.0,49.71%
ADSK,"Autodesk, Inc.",1.09,50,100,50,20,33,62.5,52.21%
APD,"Air Products and Chemicals, Inc",0.28,20,0,0,40,0,12.5,10.36%
FTNT,"Fortinet, Inc.",0.97,70,100,50,40,33,87.5,57.21%
WES.AX,WESFARMER FPO [WES],0.0,50,65,0,40,33,50.0,34.0%
ELV,"Elevance Health, Inc.",2.45,80,35,100,80,67,62.5,74.93%
LLOY.L,LLOYDS BANKING GROUP PLC ORD 10,1.18,70,35,0,80,33,62.5,47.21%
CL,Colgate-Palmolive Company,1.24,80,30,50,40,33,75.0,51.14%
HLT,Hilton Worldwide Holdings Inc.,1.36,40,0,50,80,100,62.5,54.64%
DLR,"Digital Realty Trust, Inc.",0.34,40,70,0,80,33,37.5,37.21%
ABI,VictoryShares Pioneer Asset-Bas,0.0,20,0,0,20,33,12.5,12.21%
TRV,"The Travelers Companies, Inc.",0.75,100,65,100,100,66,87.5,76.93%
CMG,"Chipotle Mexican Grill, Inc.",1.16,30,30,50,0,33,75.0,38.29%
TFC,Truist Financial Corporation,0.0,70,35,0,100,67,37.5,44.21%
CPG.L,COMPASS GROUP PLC ORD 11 1/20P,1.95,50,30,0,40,33,62.5,41.5%
COIN,"Coinbase Global, Inc.",0.19,70,65,50,40,66,87.5,54.07%
ANZ.AX,ANZ GROUP FPO [ANZ],0.0,70,0,0,100,67,25.0,37.43%
REGN,"Regeneron Pharmaceuticals, Inc.",1.75,80,30,100,80,66,87.5,74.07%
AEP,American Electric Power Company,0.91,80,70,0,80,34,50.0,47.71%
UPS,"United Parcel Service, Inc.",1.64,60,30,100,40,33,75.0,59.0%
388.HK,,0.0,20,0,0,20,33,12.5,12.21%
MAR,Marriott International,1.48,50,0,50,60,100,75.0,55.0%
AXON,"Axon Enterprise, Inc.",0.0,50,35,0,20,33,25.0,23.29%
DBK,,0.0,20,0,0,20,33,12.5,12.21%
LSEG.L,LONDON STOCK EXCHANGE GROUP PLC,1.84,40,35,0,60,66,62.5,48.36%
NET,"Cloudflare, Inc.",0.0,0,35,0,0,33,12.5,11.5%
TEL,TE Connectivity plc,0.61,40,70,50,60,66,50.0,50.86%
NSC,Norfolk Southern Corporation,0.8,80,30,50,60,33,62.5,47.93%
GM,General Motors Company,1.36,30,0,0,60,67,50.0,36.71%
D,"Dominion Energy, Inc.",0.96,50,35,0,80,34,50.0,38.43%
VRT,"Vertiv Holdings, LLC",2.35,50,100,50,40,33,75.0,64.0%
FCX,"Freeport-McMoRan, Inc.",0.61,70,70,100,60,66,87.5,67.64%
KMI,"Kinder Morgan, Inc.",0.99,50,70,0,60,67,62.5,47.07%
FLUT,Flutter Entertainment plc,12.73,20,35,0,20,33,37.5,35.07%
APO,"Apollo Global Management, Inc. ",0.0,60,65,50,20,0,37.5,33.21%
MPC,Marathon Petroleum Corporation,1.05,60,0,50,20,33,75.0,41.14%
DB1,,0.0,20,0,0,20,33,12.5,12.21%
ROP,"Roper Technologies, Inc.",0.75,40,70,0,80,66,62.5,48.36%
9983.T,FAST RETAILING CO LTD,0.72,20,0,50,40,66,62.5,36.93%
URI,"United Rentals, Inc.",1.29,60,30,50,20,33,75.0,45.43%
ABNB,"Airbnb, Inc.",1.28,70,100,50,40,66,100.0,68.0%
PWR,"Quanta Services, Inc.",1.2,70,70,50,60,33,62.5,56.5%
RACE,Ferrari N.V.,0.57,70,30,50,60,33,50.0,44.71%
SE,Sea Limited,3.09,70,70,50,40,66,87.5,69.07%
NXPI,NXP Semiconductors N.V.,1.79,60,30,50,20,33,75.0,49.0%
CMI,Cummins Inc.,0.95,100,65,50,80,33,87.5,62.21%
GLW,Corning Incorporated,2.99,40,70,0,60,33,50.0,50.43%
IFX,538344,0.0,20,0,0,20,33,12.5,12.21%
AFL,AFLAC Incorporated,0.0,50,0,0,60,33,25.0,24.0%
8031.T,MITSUI & CO,0.0,50,0,0,60,67,25.0,28.86%
LNG,"Cheniere Energy, Inc.",0.19,80,100,100,60,33,75.0,64.0%
III.L,"""3i Group Plc""",0.0,100,100,0,80,66,62.5,58.36%
ALL,Allstate Corporation (The),1.58,100,65,100,100,66,100.0,86.57%
4063.T,SHIN-ETSU CHEMICAL CO,0.0,80,0,0,80,66,37.5,37.64%
MFC.TO,MANULIFE FIN,0.0,100,70,100,100,100,62.5,76.07%
SPG,"Simon Property Group, Inc.",0.0,80,65,50,40,33,62.5,47.21%
BN,Brookfield Corporation,0.0,20,35,0,60,0,12.5,18.21%
6857.T,ADVANTEST CORP,0.57,70,100,0,60,66,62.5,54.07%
DGE.L,DIAGEO PLC ORD 28 101/108P,3.1,60,30,0,20,33,62.5,43.64%
CNR.TO,CANADIAN NATIONAL RAILWAY CO.,0.0,100,30,50,80,33,50.0,49.0%
SREN.SW,SWISS RE N,0.0,100,65,0,100,67,50.0,54.57%
ITX,,0.0,20,0,0,20,33,12.5,12.21%
FAST,Fastenal Company,0.51,70,65,50,60,66,75.0,58.0%
CTVA,"Corteva, Inc.",1.26,40,35,0,80,100,75.0,54.29%
SU.TO,SUNCOR ENERGY INC.,0.0,80,0,100,80,100,50.0,58.57%
9433.T,KDDI CORPORATION,1.04,50,0,0,80,34,37.5,35.93%
LONN.SW,LONZA N,1.57,40,70,0,60,33,50.0,46.86%
SRE,DBA Sempra,1.09,30,0,0,60,34,37.5,30.21%
MQG.AX,MACQ GROUP FPO [MQG],0.0,80,0,0,60,33,25.0,28.29%
COR,"Cencora, Inc.",2.62,80,65,50,40,33,87.5,65.07%
FDX,FedEx Corporation,1.95,80,65,50,80,100,87.5,76.79%
BDX,"Becton, Dickinson and Company",2.15,40,70,0,80,33,62.5,55.07%
IDXX,"IDEXX Laboratories, Inc.",0.47,70,100,50,40,33,62.5,50.79%
CARR,Carrier Global Corporation,0.13,20,0,50,40,33,50.0,27.57%
NWG.L,NATWEST GROUP PLC ORD 107.69P,0.0,100,0,0,80,33,25.0,34.0%
ALNY,"Alnylam Pharmaceuticals, Inc.",0.0,0,35,0,0,33,12.5,11.5%
LHX,"L3Harris Technologies, Inc.",3.9,40,35,0,80,33,62.5,50.07%
INVE-B.ST,Investor AB ser. B,0.0,20,0,0,60,100,37.5,31.07%
RSG,"Republic Services, Inc.",0.64,50,30,50,40,33,62.5,40.79%
AME,"AMETEK, Inc.",0.73,70,0,50,60,66,75.0,48.71%
O39.SI,OCBC Bank,0.52,80,0,0,80,67,37.5,40.64%
PCAR,PACCAR Inc.,0.84,80,30,50,80,33,75.0,52.57%
CBRE,CBRE Group Inc,1.99,50,70,0,20,33,50.0,42.57%
ADYEN,,0.0,20,0,0,20,33,12.5,12.21%
O,Realty Income Corporation,0.0,20,0,0,60,67,12.5,22.79%
WDAY,"Workday, Inc.",2.15,40,70,0,40,66,62.5,54.07%
RKT.L,RECKITT BENCKISER GROUP PLC ORD,0.53,30,30,0,20,33,50.0,26.14%
AMP,"Ameriprise Financial, Inc.",1.15,100,65,100,80,33,87.5,73.64%
WCN,"Waste Connections, Inc.",0.0,20,0,0,40,33,12.5,15.07%
NDA FI,,0.0,20,0,0,20,33,12.5,12.21%
TRP.TO,TC ENERGY CORP.,0.0,60,35,0,40,0,12.5,21.07%
PSX,Phillips 66,3.66,20,0,0,60,34,37.5,35.93%
EW,Edwards Lifesciences Corporatio,0.5,50,65,50,20,66,75.0,49.43%
ALC.SW,ALCON N,1.1,20,0,0,60,100,62.5,41.79%
DHL,,0.0,20,0,0,20,33,12.5,12.21%
GMG.AX,GOOD GROUP STAPLED [GMG],0.0,40,70,0,80,66,50.0,43.71%
AIG,"American International Group, I",0.0,50,0,100,80,100,50.0,54.29%
EXPN.L,EXPERIAN PLC ORD USD0.10,0.94,30,30,0,20,33,50.0,26.14%
CCI,Crown Castle Inc.,0.0,40,35,0,80,100,50.0,43.57%
DHI,"D.R. Horton, Inc.",1.15,80,30,100,80,66,87.5,70.5%
FERG,Ferguson Enterprises Inc.,1.25,100,65,50,40,33,87.5,60.79%
ROST,"Ross Stores, Inc.",0.71,80,30,50,40,33,62.5,45.07%
TGT,Target Corporation,0.98,60,30,100,60,33,75.0,54.0%
OKE,"ONEOK, Inc.",1.33,80,65,100,80,33,75.0,69.0%
EBAY,eBay Inc.,1.03,80,65,50,40,33,87.5,57.93%
SLB,Schlumberger N.V.,0.45,80,30,100,80,33,62.5,55.07%
7267.T,HONDA MOTOR CO,0.0,50,0,50,80,67,25.0,38.86%
SGO,,0.0,20,0,0,20,33,12.5,12.21%
ARGX,argenx SE,1.57,70,100,50,40,66,100.0,71.57%
PEG,Public Service Enterprise Group,0.9,80,70,0,60,0,50.0,40.0%
MBG,SPDR Bloomberg Barclays Mortgag,0.0,20,0,0,20,33,12.5,12.21%
VEEV,Veeva Systems Inc.,1.37,70,70,50,40,66,75.0,60.14%
7741.T,HOYA CORP,0.55,70,30,0,60,33,50.0,37.57%
XEL,Xcel Energy Inc.,0.75,50,35,0,60,0,37.5,28.93%
4502.T,TAKEDA PHARMACEUTICAL CO LTD,4.58,40,35,0,80,67,50.0,53.14%
6503.T,MITSUBISHI ELECTRIC CORP,0.85,50,0,0,60,67,50.0,35.29%
GLE,Global Engine Group Holding Lim,0.0,20,0,0,40,67,12.5,19.93%
VLO,Valero Energy Corporation,0.45,20,0,0,60,66,37.5,26.21%
WPM.TO,WHEATON PRECIOUS METALS CORP,0.0,40,70,50,60,66,50.0,48.0%
KDP,Keurig Dr Pepper Inc.,3.14,70,0,0,80,67,50.0,52.43%
PAYX,"Paychex, Inc.",0.87,60,65,50,20,33,75.0,46.14%
VOLV-B.ST,"Volvo, AB ser. B",0.0,60,30,50,40,33,50.0,37.57%
KR,Kroger Company (The),1.31,80,65,50,60,33,87.5,60.79%
DSV.CO,DSV A/S,2.01,50,35,0,60,33,50.0,46.86%
EA,Electronic Arts Inc.,1.17,50,30,50,40,66,75.0,51.57%
HLN.L,HALEON PLC ORD GBP0.01,0.75,70,35,0,80,33,50.0,41.14%
CPRT,"Copart, Inc.",0.88,100,65,50,40,66,100.0,63.0%
BKR,Baker Hughes Company,0.39,100,65,100,100,66,87.5,74.07%
GWW,"W.W. Grainger, Inc.",1.01,100,30,50,60,33,75.0,56.86%
MSCI,MSCI Inc.,0.88,40,35,50,80,100,87.5,58.93%
9434.T,SOFTBANK CORP.,1.0,60,30,0,20,0,50.0,30.0%
MET,"MetLife, Inc.",2.37,60,30,100,60,67,75.0,70.29%
PSA,Public Storage,0.2,30,30,50,20,33,62.5,32.21%
CVNA,Carvana Co.,0.0,50,100,50,20,33,50.0,43.29%
4568.T,DAIICHI SANKYO COMPANY LIMITED,0.26,100,30,0,60,66,62.5,45.5%
KMB,Kimberly-Clark Corporation,0.41,60,30,50,40,33,62.5,39.36%
EXC,Exelon Corporation,1.01,30,0,0,60,34,37.5,30.21%
F,Ford Motor Company,0.14,30,0,0,60,67,37.5,27.79%
EOAN,,0.0,20,0,0,20,33,12.5,12.21%
MNST,Monster Beverage Corporation,1.15,70,100,50,40,66,100.0,68.0%
VRSK,"Verisk Analytics, Inc.",0.66,30,30,50,20,33,62.5,35.07%
CABK,122,0.0,20,0,0,20,33,12.5,12.21%
GRMN,Garmin Ltd.,0.59,100,100,50,60,66,87.5,69.07%
TSCO.L,TESCO PLC ORD 6 1/3P,0.98,80,35,0,60,33,62.5,41.5%
BAS,,0.0,20,0,0,20,33,12.5,12.21%
RMD,ResMed Inc.,1.08,100,100,50,60,66,100.0,75.14%
ATCO-A.ST,Atlas Copco AB ser. A,0.71,80,30,50,40,66,75.0,51.57%
NAN.TO,,0.0,20,0,0,20,33,12.5,12.21%
6702.T,FUJITSU,0.0,40,35,0,60,66,50.0,35.86%
DELL,Dell Technologies Inc.,2.24,70,70,50,100,100,87.5,82.5%
GLEN.L,GLENCORE PLC ORD USD0.01,0.0,0,0,0,20,33,12.5,9.36%
KVUE,Kenvue Inc.,2.34,100,35,50,60,33,75.0,64.71%
HOLN.SW,HOLCIM N,0.0,100,65,0,100,33,50.0,49.71%
ENGI,,0.0,20,0,0,20,33,12.5,12.21%
SYY,Sysco Corporation,1.61,60,30,50,20,33,75.0,49.0%
LR,39817,0.0,20,0,0,20,33,12.5,12.21%
ARES,Ares Management Corporation,0.0,50,70,50,40,33,37.5,40.07%
YUM,"Yum! Brands, Inc.",1.04,70,0,50,80,100,75.0,60.71%
FIS,Fidelity National Information S,3.82,20,0,0,60,33,37.5,35.79%
HIG,"The Hartford Insurance Group, I",0.0,100,65,100,100,66,75.0,72.29%
NUE,Nucor Corporation,0.0,50,0,0,60,67,25.0,28.86%
FFH.TO,FAIRFAX FINANCIAL HOLDINGS LTD.,0.0,100,100,100,100,66,75.0,77.29%
STX,Seagate Technology Holdings PLC,1.46,20,35,50,60,100,75.0,55.71%
4519.T,CHUGAI PHARMACEUTICAL CO,0.46,80,30,50,40,66,75.0,48.71%
MPWR,"Monolithic Power Systems, Inc.",0.0,100,100,50,60,66,75.0,64.43%
6701.T,NEC CORP,0.0,20,0,0,40,33,25.0,16.86%
MCHP,Microchip Technology Incorporat,0.0,20,0,0,40,33,12.5,15.07%
WKL,,0.0,20,0,0,20,33,12.5,12.21%
VICI,VICI Properties Inc.,0.0,70,35,50,100,67,37.5,51.36%
2914.T,JAPAN TOBACCO INC,4.62,40,0,0,80,66,50.0,48.0%
GIVN.SW,GIVAUDAN N,0.52,80,30,0,40,33,50.0,36.14%
ROK,"Rockwell Automation, Inc.",0.56,50,65,50,40,33,62.5,45.79%
DDOG,"Datadog, Inc.",0.94,20,35,0,20,66,50.0,30.14%
VMC,Vulcan Materials Company (Holdi,0.87,40,0,50,60,33,50.0,36.14%
PRU.L,PRUDENTIAL PLC ORD 5P,2.35,100,100,0,80,66,87.5,76.21%
PRU,"Prudential Financial, Inc.",3.52,30,0,0,40,34,37.5,34.5%
ABX.TO,BARRICK MINING CORPORATION,0.0,100,70,50,60,66,62.5,58.36%
6367.T,DAIKIN INDUSTRIES,0.99,50,0,0,80,67,50.0,38.14%
U11.SI,UOB,1.02,80,0,0,80,67,50.0,46.71%
CBK,,0.0,20,0,0,20,33,12.5,12.21%
MLM,"Martin Marietta Materials, Inc.",0.0,70,35,50,60,33,37.5,40.79%
AMS,American Shared Hospital Servic,0.0,20,0,0,40,34,0.0,13.43%
SIKA.SW,SIKA N,0.59,60,30,0,20,33,50.0,30.43%
NRG,"NRG Energy, Inc.",1.52,30,30,0,20,33,50.0,34.0%
IFC.TO,INTACT FINANCIAL CORPORATION,0.0,100,35,50,80,66,62.5,56.21%
DOL.TO,DOLLARAMA INC,0.0,50,100,50,40,33,50.0,46.14%
ED,"Consolidated Edison, Inc.",0.62,50,70,0,80,34,37.5,41.64%
ETR,Entergy Corporation,1.47,50,70,0,60,0,50.0,40.0%
STAN.L,STANDARD CHARTERED PLC ORD USD0,1.75,70,70,0,80,33,62.5,55.79%
XYZ,"Block, Inc.",1.45,100,35,0,80,66,87.5,59.79%
NDAQ,"Nasdaq, Inc.",1.4,70,70,50,60,33,75.0,58.29%
CAH,"Cardinal Health, Inc.",1.32,70,0,50,80,100,75.0,60.71%
ENI,456658,0.0,20,0,0,20,33,12.5,12.21%
AD,"Array Digital Infrastructure, I",0.0,40,35,0,60,67,25.0,32.43%
TTD,"The Trade Desk, Inc.",1.46,70,65,50,40,66,75.0,59.43%
CSGP,"CoStar Group, Inc.",0.9,20,35,0,20,66,50.0,30.14%
ATD.TO,ALIMENTATION COUCHE-TARD INC,0.0,80,30,50,60,33,50.0,43.29%
TTWO,"Take-Two Interactive Software, ",0.0,0,35,0,0,33,12.5,11.5%
A,"Agilent Technologies, Inc.",1.02,100,100,50,60,33,87.5,68.64%
IQV,"IQVIA Holdings, Inc.",2.06,60,30,50,0,33,75.0,49.71%
3382.T,SEVEN & I HOLDINGS CO LTD,0.91,50,35,0,60,67,62.5,42.07%
SLF.TO,SUN LIFE FINANCIAL INC.,0.0,100,35,50,100,0,25.0,44.29%
TEAM,Atlassian Corporation,0.0,20,35,0,20,33,25.0,19.0%
STT,State Street Corporation,1.93,50,0,0,80,67,50.0,46.0%
ZS,"Zscaler, Inc.",0.0,20,35,0,20,33,12.5,17.21%
8053.T,SUMITOMO CORP,0.0,100,35,0,80,67,37.5,45.64%
TRI.TO,THOMSON REUTERS CORPORATION,0.0,50,0,50,40,66,37.5,34.79%
GEHC,GE HealthCare Technologies Inc.,0.59,80,65,100,60,33,75.0,61.86%
PCG,Pacific Gas & Electric Co.,2.46,50,0,0,80,34,37.5,43.07%
8725.T,MS&AD INS GP HLDGS,0.0,100,30,50,100,67,37.5,54.93%
PGHN.SW,PARTNERS GROUP N,0.9,80,100,0,40,33,75.0,49.71%
RJF,"Raymond James Financial, Inc.",1.4,80,30,0,80,33,62.5,47.93%
9432.T,NTT INC,0.95,30,0,0,60,67,50.0,32.43%
UMG,,0.0,20,0,0,20,33,12.5,12.21%
CCO.TO,CAMECO CORP,0.0,40,70,50,60,66,50.0,48.0%
G,Genpact Limited,0.0,100,30,100,100,33,50.0,59.0%
FNV.TO,FRANCO-NEVADA CORPORATION,0.0,70,70,50,60,33,37.5,45.79%
ADS,,0.0,20,0,0,20,33,12.5,12.21%
WTW,Willis Towers Watson Public Lim,0.0,40,35,0,60,33,25.0,27.57%
WAB,Westinghouse Air Brake Technolo,0.0,70,35,50,60,66,62.5,49.07%
XYL,Xylem Inc.,0.84,40,35,0,60,66,75.0,42.29%
IMB.L,IMPERIAL BRANDS PLC ORD 10P,2.11,60,30,0,40,33,62.5,46.5%
CCL,Carnival Corporation,0.0,80,65,50,40,33,62.5,47.21%
OTIS,Otis Worldwide Corporation,0.91,50,0,50,60,100,75.0,50.71%
8002.T,MARUBENI CORP,0.0,100,0,0,80,67,25.0,38.86%
STZ,"Constellation Brands, Inc.",0.0,0,0,0,20,33,12.5,9.36%
KEYS,Keysight Technologies Inc.,1.8,20,35,50,20,66,62.5,46.93%
6301.T,KOMATSU,0.39,80,0,0,80,100,50.0,44.29%
HO,,0.0,20,0,0,20,33,12.5,12.21%
OXY,Occidental Petroleum Corporatio,1.67,50,0,0,60,67,50.0,43.14%
SSE.L,SSE PLC ORD 50P,2.43,50,0,0,60,0,37.5,35.36%
LPLA,LPL Financial Holdings Inc.,1.59,80,100,50,40,0,75.0,60.0%
MTB,M&T Bank Corporation,0.04,70,0,0,100,67,37.5,39.21%
ASSA-B.ST,ASSA ABLOY AB ser. B,0.81,80,0,50,40,33,75.0,42.57%
FICO,Fair Isaac Corporation,0.99,40,70,50,60,100,75.0,59.29%
WDS.AX,WOODSIDE FPO [WDS],0.0,50,35,0,80,100,37.5,43.21%
EFX,"Equifax, Inc.",1.73,70,35,50,60,33,62.5,55.07%
UCB,"United Community Banks, Inc.",0.0,70,35,0,100,67,37.5,44.21%
VTR,"Ventas, Inc.",1.15,20,70,0,60,33,50.0,40.43%
BMW,,0.0,20,0,0,20,33,12.5,12.21%
TCL.AX,TRANSURBAN STAPLED [TCL],0.0,20,35,0,40,33,25.0,21.86%
SMCI,"Super Micro Computer, Inc.",0.0,80,30,50,20,33,50.0,37.57%
8750.T,DAI-ICHI LIFE HOLDINGS INC,0.94,50,0,0,80,34,37.5,31.64%
IR,Ingersoll Rand Inc.,1.8,20,0,0,40,66,50.0,35.86%
WEC,"WEC Energy Group, Inc.",0.8,80,70,0,60,0,37.5,38.21%
TRGP,"Targa Resources, Inc.",1.63,80,100,50,40,0,75.0,60.0%
CTSH,Cognizant Technology Solutions ,1.64,100,65,100,100,66,100.0,86.57%
TSCO,Tractor Supply Company,0.82,80,30,50,40,33,75.0,46.86%
HEI,Heico Corporation,0.73,70,100,50,60,33,62.5,56.5%
GIS,"General Mills, Inc.",0.18,80,65,100,80,33,75.0,61.86%
BAYN,,0.0,20,0,0,20,33,12.5,12.21%
LEN,Lennar Corporation,1.0,50,0,100,80,67,62.5,58.5%
SYF,Synchrony Financial,0.0,100,100,0,100,67,50.0,59.57%
WSP.TO,WSP GLOBAL INC,0.0,40,70,50,60,33,37.5,41.5%
IBKR,"Interactive Brokers Group, Inc.",0.0,50,100,50,40,0,50.0,41.43%
HUM,Humana Inc.,2.0,50,0,50,80,34,37.5,50.21%
ADM,Archer-Daniels-Midland Company,0.0,50,0,0,60,100,37.5,35.36%
7751.T,CANON INC,0.0,50,0,0,60,100,37.5,35.36%
SLHN.SW,SWISS LIFE HOLDING AG N,0.89,60,30,0,20,0,50.0,25.71%
FER,Ferrovial SE,0.0,80,65,0,60,0,37.5,34.64%
EXR,Extra Space Storage Inc,0.56,40,35,0,80,33,50.0,36.86%
FITB,Fifth Third Bancorp,0.78,70,0,0,100,67,37.5,42.07%
BR,"Broadridge Financial Solutions,",1.03,50,65,50,40,33,87.5,53.64%
ACGL,Arch Capital Group Ltd.,0.0,80,65,100,60,100,62.5,66.79%
EQT,EQT Corporation,6.79,70,70,0,80,100,75.0,70.71%
WBD,"Warner Bros. Discovery, Inc. - ",0.0,20,0,0,40,67,12.5,19.93%
DD,"DuPont de Nemours, Inc.",2.74,20,0,0,60,100,50.0,47.14%
AAL.L,ANGLO AMERICAN PLC ORD USD0.549,0.0,20,0,0,40,0,0.0,8.57%
EME,"EMCOR Group, Inc.",0.0,100,100,50,60,66,75.0,64.43%
AEE,Ameren Corporation,0.87,50,35,0,60,0,37.5,28.93%
AHT.L,ASHTEAD GROUP PLC ORD 10P,1.7,60,30,100,20,33,75.0,56.14%
DXCM,"DexCom, Inc.",2.26,50,100,50,20,33,75.0,61.14%
NTR.TO,NUTRIEN LTD,0.0,70,35,0,80,67,37.5,41.36%
EBS,Emergent BioSolutions Inc.,0.0,60,30,100,40,67,50.0,49.57%
HPE,Hewlett Packard Enterprise Comp,0.41,50,35,0,60,34,25.0,29.14%
SEB-A.ST,Skandinaviska Enskilda Banken s,0.31,80,30,0,80,67,50.0,43.86%
AWK,"American Water Works Company, I",0.61,50,35,0,60,0,25.0,27.14%
8630.T,SOMPO HOLDINGS INC,3.18,50,0,50,80,67,50.0,56.71%
ORA,"Ormat Technologies, Inc.",0.56,20,35,0,60,0,25.0,22.86%
ODFL,"Old Dominion Freight Line, Inc.",0.8,80,30,50,40,66,75.0,51.57%
IRM,Iron Mountain Incorporated (Del,0.0,20,35,0,60,67,12.5,27.79%
JBL,Jabil Inc.,0.0,50,100,50,40,33,50.0,46.14%
ALL.AX,ARISTOCRAT FPO [ALL],0.0,70,65,0,60,66,62.5,46.21%
PTC,PTC Inc.,1.17,70,100,50,40,66,87.5,66.21%
6902.T,DENSO CORP,1.62,50,0,0,80,100,62.5,52.5%
6954.T,FANUC CORPORATION,0.79,70,35,0,80,33,50.0,41.14%
FCNCA,"First Citizens BancShares, Inc.",0.0,50,0,0,80,67,25.0,31.71%
L.TO,LOBLAW CO,0.0,60,30,50,20,33,50.0,34.71%
DSFIR,,0.0,20,0,0,20,33,12.5,12.21%
STLD,"Steel Dynamics, Inc.",0.0,50,0,50,60,33,37.5,32.93%
FFIV,"F5, Inc.",1.65,100,100,50,40,66,100.0,75.86%
SHL,,0.0,20,0,0,20,33,12.5,12.21%
4503.T,ASTELLAS PHARMA,0.0,40,35,0,80,33,25.0,30.43%
ACA,"Arcosa, Inc.",0.0,40,70,0,80,67,25.0,40.29%
EXE,Expand Energy Corporation,0.0,20,35,0,60,100,37.5,36.07%
FMG.AX,FORTESCUE FPO [FMG],0.0,80,30,0,80,66,50.0,43.71%
GPN,Global Payments Inc.,3.42,50,0,0,80,67,50.0,49.57%
TWLO,Twilio Inc.,0.0,20,35,0,40,66,25.0,26.57%
QSR.TO,RESTAURANT BRANDS INTERNATIONAL,0.0,60,65,50,20,33,50.0,39.71%
NI,NiSource Inc,0.84,50,70,0,60,0,50.0,35.71%
6273.T,SMC CORP,0.0,50,0,0,80,67,25.0,31.71%
CBOE,"Cboe Global Markets, Inc.",0.96,100,100,50,60,66,100.0,70.86%
GEBN.SW,GEBERIT N,0.55,30,30,0,20,33,50.0,26.14%
PPL,PPL Corporation,1.58,30,0,0,40,34,37.5,30.93%
FE,FirstEnergy Corp.,1.58,50,35,0,80,34,50.0,46.29%
DTG,DTE Energy Company 2021 Series ,0.0,20,0,0,20,33,12.5,12.21%
BAM.TO,BROOKFIELD ASSET MANAGEMENT LTD,0.0,70,100,50,60,66,62.5,58.36%
TYL,"Tyler Technologies, Inc.",0.81,40,70,0,40,66,62.5,42.64%
RWE,,0.0,20,0,0,20,33,12.5,12.21%
MKL,Markel Group Inc.,0.0,100,70,100,80,100,62.5,73.21%
WSM,"Williams-Sonoma, Inc.",0.74,100,65,50,60,33,75.0,57.57%
ULTA,"Ulta Beauty, Inc.",0.78,100,30,50,60,33,62.5,50.79%
SAMPO,,0.0,20,0,0,20,33,12.5,12.21%
MTD,"Mettler-Toledo International, I",0.57,20,0,50,40,100,62.5,41.79%
PPG,"PPG Industries, Inc.",2.81,60,30,50,40,33,75.0,55.43%
6981.T,MURATA MANUFACTURING CO,0.73,50,0,50,60,66,62.5,44.07%
KHC,The Kraft Heinz Company,0.0,20,0,0,60,67,25.0,24.57%
FTS.TO,FORTIS INC,0.0,50,35,0,80,34,25.0,32.0%
NVR,"NVR, Inc.",0.0,80,30,100,40,66,62.5,54.07%
WDC,Western Digital Corporation,1.71,80,30,50,40,66,87.5,61.21%
CHTR,"Charter Communications, Inc.",3.81,80,30,100,60,33,75.0,68.29%
8591.T,ORIX CORPORATION,0.0,50,35,0,80,34,25.0,32.0%
6752.T,PANASONIC HOLDINGS CORP,0.0,70,0,0,100,67,25.0,37.43%
RF,Regions Financial Corporation,0.97,70,70,0,100,67,62.5,55.64%
LII,"Lennox International, Inc.",1.25,80,65,50,40,33,87.5,57.93%
LYV,"Live Nation Entertainment, Inc.",0.18,30,65,50,0,33,50.0,32.57%
TDY,Teledyne Technologies Incorpora,0.0,40,70,0,60,66,50.0,40.86%
VNA,,0.0,20,0,0,20,33,12.5,12.21%
DRI,"Darden Restaurants, Inc.",1.14,80,100,50,60,33,87.5,65.79%
LDOS,"Leidos Holdings, Inc.",0.0,80,65,100,60,33,62.5,57.21%
AMRZ.SW,AMRIZE N,1.35,50,0,50,40,34,50.0,39.14%
SAND.ST,Sandvik AB,0.89,80,30,50,40,33,75.0,46.86%
RYA,,0.0,20,0,0,20,33,12.5,12.21%
RIO.AX,RIO TINTO FPO [RIO],0.0,80,30,0,60,66,50.0,40.86%
PHM,"PulteGroup, Inc.",5.0,80,30,100,80,66,87.5,77.64%
FANG,"Diamondback Energy, Inc.",0.0,80,35,100,80,67,37.5,57.07%
HUBS,"HubSpot, Inc.",0.0,20,35,0,20,66,37.5,25.5%
VOD.L,VODAFONE GROUP PLC ORD USD0.20 ,0.0,0,0,0,20,33,12.5,9.36%
HPQ,HP Inc.,1.08,70,35,100,100,100,87.5,77.5%
CCEP,Coca-Cola Europacific Partners ,1.4,80,65,0,40,33,75.0,49.0%
CMS,CMS Energy Corporation,0.77,50,35,0,60,0,25.0,27.14%
CPAY,"Corpay, Inc.",2.12,80,100,50,20,33,87.5,67.21%
IP,International Paper Company,0.0,20,35,0,60,67,25.0,29.57%
VIE,,0.0,20,0,0,20,33,12.5,12.21%
PINS,"Pinterest, Inc.",2.81,100,100,0,60,66,87.5,73.36%
SDZ.SW,SANDOZ GROUP N,2.46,40,35,0,80,33,50.0,48.29%
EXPE,"Expedia Group, Inc.",2.65,60,30,50,20,33,75.0,52.57%
KBC,,0.0,20,0,0,20,33,12.5,12.21%
6146.T,DISCO CORPORATION,0.0,40,0,50,60,33,25.0,29.71%
Z74.SI,Singtel,0.45,70,35,0,80,33,50.0,38.29%
MTX,Minerals Technologies Inc.,0.0,40,35,0,80,67,25.0,35.29%
DANSKE.CO,Danske Bank A/S,0.0,80,0,0,80,67,25.0,36.0%
CNP,"CenterPoint Energy, Inc (Holdin",0.87,30,0,0,40,0,37.5,18.21%
ATO,Atmos Energy Corporation,0.75,70,70,0,80,34,37.5,44.5%
K,Kellanova,0.6,60,30,50,20,33,62.5,39.36%
TRMB,Trimble Inc.,0.8,20,0,0,20,66,50.0,25.14%
4661.T,ORIENTAL LAND CO,0.21,40,70,0,60,33,37.5,34.36%
LDO,,0.0,20,0,0,20,33,12.5,12.21%
LUMI.TA,BK LEUMI LE ISRAEL,0.0,100,65,0,80,33,50.0,46.86%
EQR,Equity Residential,0.0,70,0,0,80,33,25.0,29.71%
4543.T,TERUMO CORP,0.95,40,35,0,80,66,75.0,45.14%
6762.T,TDK CORP,0.8,50,0,0,60,66,62.5,36.93%
HEXA-B.ST,Hexagon AB ser. B,0.58,20,0,0,40,66,50.0,28.0%
WOW.AX,WOOLWORTHS FPO [WOW],0.0,30,30,0,20,33,37.5,21.5%
DLTR,"Dollar Tree, Inc.",0.0,80,100,50,40,33,62.5,52.21%
LH,Labcorp Holdings Inc.,2.12,40,35,0,80,33,62.5,50.07%
NTRS,Northern Trust Corporation,0.3,80,0,0,80,33,37.5,32.93%
ES,Eversource Energy (D/B/A),2.08,50,35,0,60,34,37.5,45.21%
CLS.TO,CELESTICA INC,0.0,70,100,50,40,33,50.0,49.0%
CHD,"Church & Dwight Company, Inc.",1.0,50,0,50,40,33,50.0,39.0%
VRSN,"VeriSign, Inc.",0.94,40,0,0,80,100,62.5,43.21%
TEF,Telefonica SA,0.0,0,0,50,40,67,37.5,27.79%
ATCO-B.ST,Atlas Copco AB ser. B,0.8,80,30,50,40,66,87.5,53.36%
CVE.TO,CENOVUS ENERGY INC.,0.0,50,0,100,80,100,50.0,54.29%
POW.TO,"POWER CORPORATION OF CANADA, SV",0.0,70,0,50,100,67,37.5,46.36%
EQNR.OL,EQUINOR,0.0,80,30,50,60,33,50.0,43.29%
AENA,,0.0,20,0,0,20,33,12.5,12.21%
HUBB,Hubbell Inc,0.86,100,65,50,60,33,87.5,59.36%
HBAN,Huntington Bancshares Incorpora,1.01,70,35,0,100,67,62.5,54.93%
DSY,Big Tree Cloud Holdings Limited,0.0,40,35,0,60,100,37.5,38.93%
SBAC,SBA Communications Corporation,1.03,70,35,50,80,67,75.0,61.0%
SWED-A.ST,Swedbank AB ser A,0.0,80,30,0,80,67,37.5,42.07%
K.TO,KINROSS GOLD CORP.,0.0,100,100,50,80,66,75.0,67.29%
LULU,lululemon athletica inc.,2.16,80,30,100,40,66,87.5,71.93%
CINF,Cincinnati Financial Corporatio,0.0,100,70,100,100,100,62.5,76.07%
2802.T,AJINOMOTO CO INC,0.0,40,35,0,60,33,25.0,27.57%
GDDY,GoDaddy Inc.,0.85,80,65,50,20,33,87.5,50.79%
RI,512614,0.0,20,0,0,20,33,12.5,12.21%
5802.T,SUMITOMO ELECTRIC INDUSTRIES,0.0,70,35,0,100,67,25.0,42.43%
PPL.TO,PEMBINA PIPELINE CORPORATION,0.0,50,0,50,80,33,37.5,35.79%
7832.T,BANDAI NAMCO HOLDINGS INC,0.0,100,65,0,60,33,50.0,44.0%
EIX,Edison International,3.15,60,0,50,60,34,50.0,50.57%
9020.T,EAST JAPAN RAILWAY CO,0.16,50,0,0,80,34,25.0,27.0%
SW,Smurfit WestRock plc,6.98,20,35,0,60,34,25.0,39.14%
4578.T,OTSUKA HLDGS CO LTD,0.0,100,65,0,100,100,62.5,61.07%
CAP,,0.0,20,0,0,20,33,12.5,12.21%
QBE.AX,QBE INSUR. FPO [QBE],0.0,100,65,0,100,66,62.5,56.21%
ML,,0.0,20,0,0,20,33,12.5,12.21%
5108.T,BRIDGESTONE CORP,0.0,50,0,100,60,100,50.0,51.43%
4901.T,FUJIFILM HOLDINGS CORPORATION,0.0,50,0,0,80,67,25.0,31.71%
BRO,"Brown & Brown, Inc.",0.0,50,0,0,60,33,25.0,24.0%
HEIA,,0.0,20,0,0,20,33,12.5,12.21%
STE,STERIS plc (Ireland),1.05,40,35,50,60,66,87.5,55.5%
NXT.L,NEXT PLC ORD 10P,0.85,80,65,0,60,33,75.0,47.57%
BT.A.L,,0.0,20,0,0,20,33,12.5,12.21%
ASM,Avino Silver & Gold Mines Ltd.,0.0,40,70,50,40,66,50.0,45.14%
BXB.AX,BRAMB LTD FPO [BXB],0.0,80,30,0,40,33,37.5,31.5%
WRB,W.R. Berkley Corporation,0.18,100,65,100,100,66,75.0,72.29%
VOW3,,0.0,20,0,0,20,33,12.5,12.21%
6723.T,RENESAS ELECTRONICS CORP,0.0,20,0,0,60,67,25.0,24.57%
NSIS-B.CO,Novonesis (Novozymes A/S) B,2.29,40,35,0,60,66,62.5,51.93%
GIB.A.TO,,0.0,20,0,0,20,33,12.5,12.21%
8802.T,MITSUBISHI ESTATE CO,0.0,50,35,0,60,34,25.0,29.14%
PRY,,0.0,20,0,0,20,33,12.5,12.21%
NOKIA,,0.0,20,0,0,20,33,12.5,12.21%
KNEBV,,0.0,20,0,0,20,33,12.5,12.21%
AER,AerCap Holdings N.V.,0.0,80,65,0,80,34,37.5,42.36%
CYBR,CyberArk Software Ltd.,0.0,20,35,0,20,33,12.5,17.21%
2388.HK,BOC HONG KONG,0.45,100,70,0,100,67,37.5,53.5%
4452.T,KAO CORP,0.69,50,0,0,60,66,50.0,35.14%
CFG,"Citizens Financial Group, Inc.",0.0,70,35,0,100,67,25.0,42.43%
LVS,Las Vegas Sands Corp.,2.12,80,100,50,40,33,87.5,70.07%
DGX,Quest Diagnostics Incorporated,1.34,100,70,50,80,33,87.5,67.21%
9022.T,CENTRAL JAPAN RAILWAY CO,0.0,30,0,0,60,34,12.5,19.5%
ERIC-B.ST,"Ericsson, Telefonab. L M ser. B",0.0,80,30,100,80,33,50.0,53.29%
16.HK,,0.0,20,0,0,20,33,12.5,12.21%
CDW,CDW Corporation,0.0,60,65,50,20,33,50.0,39.71%
TOST,"Toast, Inc.",7.51,70,70,50,40,66,87.5,69.07%
AMCR,Amcor plc,3.97,30,35,0,40,67,50.0,46.0%
HSY,The Hershey Company,0.04,60,65,50,20,33,62.5,41.5%
DOV,Dover Corporation,0.92,80,30,50,40,66,87.5,53.36%
VLTO,Veralto Corp,0.54,80,30,50,40,33,62.5,45.07%
AVB,"AvalonBay Communities, Inc.",0.29,70,0,0,80,33,37.5,31.5%
AV..L,,0.0,20,0,0,20,33,12.5,12.21%
BZFUT,,0.0,20,0,0,20,33,12.5,12.21%
8801.T,MITSUI FUDOSAN,0.0,30,0,0,60,34,12.5,19.5%
TROW,"T. Rowe Price Group, Inc.",0.55,100,30,100,100,66,75.0,70.14%
7182.T,JAPAN POST BANK CO LTD,0.0,70,0,0,100,67,25.0,37.43%
PHIA,,0.0,20,0,0,20,33,12.5,12.21%
RBA.TO,RB GLOBAL INC,0.0,20,0,0,40,33,12.5,15.07%
5401.T,NIPPON STEEL CORPORATION,0.0,50,0,0,80,34,12.5,25.21%
MDB,"MongoDB, Inc.",0.0,20,35,0,20,66,25.0,23.71%
PUB,,0.0,20,0,0,20,33,12.5,12.21%
DNB.OL,DNB BANK ASA,0.0,80,30,0,80,67,37.5,42.07%
DVN,Devon Energy Corporation,0.0,100,30,100,100,34,37.5,57.36%
8267.T,AEON CO LTD,0.0,0,0,0,20,0,0.0,2.86%
8604.T,NOMURA HOLDINGS INC.,0.0,50,70,0,80,34,25.0,37.0%
5803.T,FUJIKURA,0.0,70,100,0,60,33,37.5,42.93%
FWONK,Liberty Media Corporation - Ser,0.16,40,70,0,40,66,50.0,38.0%
FSLR,"First Solar, Inc.",5.75,80,30,50,60,33,75.0,61.14%
SSNC,"SS&C Technologies Holdings, Inc",2.11,30,0,50,20,33,62.5,42.21%
LGEN.L,LEGAL & GENERAL GROUP PLC ORD 2,0.0,20,35,0,40,33,25.0,21.86%
NTAP,"NetApp, Inc.",1.28,60,30,50,20,33,75.0,45.43%
ON,ON Semiconductor Corporation,1.23,20,0,0,40,66,50.0,32.29%
ADM.L,ADMIRAL GROUP PLC ORD 0.1P,0.23,80,100,0,60,33,62.5,47.93%
AKAM,"Akamai Technologies, Inc.",3.03,30,0,0,20,33,50.0,33.29%
PME.AX,PROMEDICUS FPO [PME],0.0,70,100,0,60,66,50.0,49.43%
POOL,Pool Corporation,0.0,80,30,50,40,33,50.0,40.43%
CNH,CNH Industrial N.V.,2.71,30,0,0,60,67,50.0,43.86%
GLPI,"Gaming and Leisure Properties, ",0.0,60,30,0,60,33,37.5,31.5%
TLS.AX,TELSTRA FPO [TLS],0.0,80,35,0,40,33,37.5,32.21%
1928.T,SEKISUI HOUSE,0.0,50,0,50,80,34,12.5,32.36%
KOG.OL,KONGSBERG GRUPPEN,0.72,70,100,50,60,66,75.0,63.0%
RPRX,Royalty Pharma plc,0.73,80,30,100,80,0,50.0,51.43%
CCK,"Crown Holdings, Inc.",3.13,80,30,100,60,33,75.0,68.29%
SPSN.SW,SWISS PRIME SITE N,0.0,50,0,0,60,67,25.0,28.86%
AGS,,0.0,20,0,0,20,33,12.5,12.21%
MONC,,0.0,20,0,0,20,33,12.5,12.21%
UU..L,,0.0,20,0,0,20,33,12.5,12.21%
KNIN.SW,KUEHNE+NAGEL INT N,0.6,60,30,100,40,33,62.5,49.36%
OC,Owens Corning Inc,1.24,80,35,50,80,33,75.0,57.57%
BEI,,0.0,20,0,0,20,33,12.5,12.21%
2503.T,KIRIN HOLDINGS COMPANY LIMITED,4.1,20,0,0,60,67,50.0,42.43%
STN.TO,STANTEC INC,0.0,70,35,50,60,33,50.0,42.57%
JBHT,"J.B. Hunt Transport Services, I",1.4,80,0,50,40,33,75.0,46.86%
669.HK,,0.0,20,0,0,20,33,12.5,12.21%
CLNX,,0.0,20,0,0,20,33,12.5,12.21%
SAB,Saratoga Investment Corp 6.75% ,0.0,50,0,0,80,67,25.0,31.71%
ROL,"Rollins, Inc.",0.46,70,65,50,60,33,50.0,46.86%
TPL,Texas Pacific Land Corporation,0.0,70,30,50,60,33,37.5,40.07%
J,Jacobs Solutions Inc.,1.03,40,35,50,60,33,75.0,49.0%
7269.T,SUZUKI MOTOR CORP,0.0,80,0,0,80,100,50.0,44.29%
IMO.TO,IMPERIAL OIL,0.0,80,30,100,80,66,62.5,59.79%
ZBH,"Zimmer Biomet Holdings, Inc.",1.9,50,0,0,60,67,50.0,43.14%
REP,221316,0.0,20,0,0,20,33,12.5,12.21%
VWS.CO,Vestas Wind Systems A/S,3.17,60,65,50,20,33,75.0,57.57%
HLMA.L,HALMA PLC ORD 10P,0.56,70,30,0,60,66,50.0,42.29%
PFG,Principal Financial Group Inc,0.0,70,35,0,100,100,50.0,50.71%
1925.T,DAIWA HOUSE INDUSTRY CO,0.0,50,0,0,80,34,12.5,25.21%
POLI.TA,BANK HAPOALIM B.M.,0.0,100,35,0,80,33,50.0,42.57%
PNR,Pentair plc.,1.17,50,30,50,40,66,87.5,53.36%
KPN,45416,0.0,20,0,0,20,33,12.5,12.21%
INF.L,INFORMA PLC ORD 0.1P,0.0,20,35,0,40,33,12.5,20.07%
MRU.TO,METRO INC,0.0,100,0,50,80,33,50.0,44.71%
APTV,Aptiv PLC,1.91,50,0,100,60,67,62.5,59.21%
CTRA,Coterra Energy Inc.,0.0,70,70,100,100,100,62.5,71.79%
HOLX,"Hologic, Inc.",1.35,70,0,50,40,33,62.5,43.64%
LNT,Alliant Energy Corporation,1.05,50,35,0,80,0,50.0,37.86%
1.HK,,0.0,20,0,0,20,33,12.5,12.21%
TRU,TransUnion,1.45,20,35,0,40,33,50.0,32.57%
BIIB,Biogen Inc.,0.0,70,0,50,80,100,37.5,48.21%
WY,Weyerhaeuser Company,1.52,20,0,0,60,67,37.5,37.07%
6178.T,JAPAN POST HLDGS CO LTD,0.0,50,0,0,80,67,25.0,31.71%
GPC,Genuine Parts Company,1.27,60,30,50,20,33,75.0,45.43%
NN,NextNav Inc.,0.0,20,0,0,40,67,12.5,19.93%
MAA,Mid-America Apartment Communiti,0.0,70,0,0,80,33,25.0,29.71%
DKNG,DraftKings Inc.,0.0,20,70,0,20,33,25.0,24.0%
NTNX,"Nutanix, Inc.",0.0,20,35,50,40,100,37.5,40.36%
PODD,Insulet Corporation,0.57,50,65,50,20,33,50.0,41.14%
FRE,3143749,0.0,20,0,0,20,33,12.5,12.21%
TER,"Teradyne, Inc.",1.31,50,30,50,40,66,75.0,51.57%
GALD.SW,GALDERMA GROUP N,1.94,40,70,0,60,66,62.5,53.36%
CSL,Carlisle Companies Incorporated,2.17,80,30,50,60,33,75.0,61.14%
6594.T,NIDEC CORPORATION,1.55,50,0,0,80,67,50.0,46.0%
XRO.AX,XERO FPO [XRO],0.0,70,70,0,40,33,12.5,32.21%
2502.T,ASAHI GROUP HLDGS,0.56,50,0,0,80,67,37.5,36.36%
WST,"West Pharmaceutical Services, I",0.63,70,65,50,60,66,87.5,59.79%
INVH,Invitation Homes Inc.,0.16,40,35,0,80,67,50.0,38.86%
SHB-A.ST,Svenska Handelsbanken ser. A,0.0,80,0,0,80,67,25.0,36.0%
IT,"Gartner, Inc.",0.0,80,30,100,40,33,50.0,47.57%
CHKP,Check Point Software Technologi,1.08,100,30,50,40,66,87.5,60.5%
HNR1,,0.0,20,0,0,20,33,12.5,12.21%
IHG.L,INTERCONTINENTAL HOTELS GROUP P,2.21,70,35,0,80,100,75.0,65.71%
HAL,Halliburton Company,0.18,80,30,100,80,67,62.5,59.93%
BURL,"Burlington Stores, Inc.",0.0,50,65,50,20,0,50.0,33.57%
KEY,KeyCorp,0.0,40,70,0,80,67,25.0,40.29%
GEN,Gen Digital Inc.,2.21,30,65,50,20,33,75.0,53.29%
TEVA,Teva Pharmaceutical Industries ,0.0,0,0,0,0,33,12.5,6.5%
SAAB-B.ST,SAAB AB ser. B,1.27,70,70,50,60,66,87.5,64.79%
EVO.ST,Evolution AB,0.0,80,30,50,60,66,62.5,49.79%
ZM,"Zoom Communications, Inc.",0.0,100,35,50,60,66,62.5,53.36%
STLAM,,0.0,20,0,0,20,33,12.5,12.21%
MT,Arcelor Mittal NY Registry Shar,0.0,70,35,0,100,67,37.5,44.21%
PSTG,"Pure Storage, Inc.",0.0,40,70,50,40,66,50.0,45.14%
PKG,Packaging Corporation of Americ,1.27,100,65,50,60,33,87.5,63.64%
MKC,"McCormick & Company, Incorporat",0.74,80,0,50,40,33,62.5,40.79%
8308.T,RESONA HOLDINGS,1.23,70,70,0,100,67,62.5,59.93%
FTV,Fortive Corporation,0.0,50,0,0,60,100,37.5,35.36%
NTRA,"Natera, Inc.",0.0,20,35,0,20,66,25.0,23.71%
KER,Kernel Holding SA,0.0,20,0,0,20,33,12.5,12.21%
COL.AX,COLESGROUP FPO [COL],0.0,60,30,0,20,33,37.5,25.79%
RS,"Reliance, Inc.",0.0,50,0,50,60,66,50.0,39.43%
4307.T,NOMURA RESEARCH INSTITUTE,0.0,70,65,0,60,33,50.0,39.71%
CF,"CF Industries Holdings, Inc.",3.76,80,65,100,80,66,87.5,82.64%
EVRG,"Evergy, Inc.",0.69,30,0,0,60,34,25.0,24.14%
STMPA,,0.0,20,0,0,20,33,12.5,12.21%
TXT,Textron Inc.,2.3,50,0,0,80,33,50.0,44.71%
BALL,Ball Corporation,0.0,50,70,0,60,33,37.5,35.79%
6971.T,KYOCERA CORP,2.69,40,0,0,80,67,37.5,46.36%
PNDORA.CO,Pandora A/S,1.02,80,30,100,60,33,75.0,61.14%
L,Loews Corporation,0.0,70,0,50,100,100,37.5,51.07%
SNA,Snap-On Incorporated,1.07,80,30,100,60,66,87.5,67.64%
6201.T,TOYOTA INDUSTRIES CORP,0.0,50,0,0,80,100,37.5,38.21%
SCMN.SW,SWISSCOM N,0.08,30,35,50,40,33,50.0,34.0%
EQH,"Equitable Holdings, Inc.",0.0,30,30,100,40,67,37.5,43.5%
TSN,"Tyson Foods, Inc.",4.62,50,0,0,60,100,62.5,53.21%
IFF,International Flavors & Fragran,0.0,40,35,0,80,100,50.0,43.57%
7013.T,IHI CORPORATION,0.0,80,30,50,40,33,50.0,40.43%
ILMN,"Illumina, Inc.",0.0,60,30,100,20,33,50.0,41.86%
WAT,Waters Corporation,0.39,100,30,50,40,33,62.5,45.07%
5020.T,ENEOS HOLDINGS INC,0.0,20,0,0,60,67,12.5,22.79%
9531.T,TOKYO GAS CO,0.0,70,70,0,80,34,25.0,39.86%
SGSN.SW,SGS N,0.66,80,65,0,40,33,62.5,42.93%
ORG.AX,ORIGIN ENE FPO [ORG],0.0,100,65,0,100,33,50.0,49.71%
823.HK,,0.0,20,0,0,20,33,12.5,12.21%
STO.AX,SANTOS FPO [STO],0.0,50,0,0,80,100,37.5,38.21%
OKTA,"Okta, Inc.",3.87,40,70,0,60,66,62.5,56.93%
DOW,Dow Inc.,0.0,20,0,0,60,34,0.0,16.29%
DECK,Deckers Outdoor Corporation,1.02,100,100,100,60,66,100.0,82.29%
CHRW,"C.H. Robinson Worldwide, Inc.",0.77,70,65,50,60,33,75.0,53.29%
9735.T,SECOM CO,0.0,70,0,0,80,67,25.0,34.57%
BAMI,,0.0,20,0,0,20,33,12.5,12.21%
8309.T,SUMITOMO MITSUI TRUST GP INC,0.63,70,35,0,100,67,50.0,48.86%
TW,Tradeweb Markets Inc.,0.77,40,70,50,60,33,50.0,46.14%
BLDR,"Builders FirstSource, Inc.",0.0,60,30,50,20,33,50.0,34.71%
ESSITY-B.ST,Essity AB ser. B,0.75,80,0,100,80,33,62.5,53.64%
ESS,"Essex Property Trust, Inc.",0.0,80,65,0,40,33,50.0,38.29%
DPZ,Domino's Pizza Inc,0.89,70,35,50,80,100,87.5,63.21%
BAH,Booz Allen Hamilton Holding Cor,0.0,80,65,100,60,33,62.5,57.21%
RPM,RPM International Inc.,0.96,80,65,50,40,33,87.5,53.64%
SUI,"Sun Communities, Inc.",0.0,40,35,0,80,33,25.0,30.43%
ACM,AECOM,1.67,60,30,50,20,33,75.0,49.0%
CLX,Clorox Company (The),0.59,80,65,50,60,33,75.0,54.71%
LISN.SW,LINDT N,2.7,50,0,0,40,66,62.5,45.5%
MAS,Masco Corporation,1.21,80,30,50,80,67,75.0,61.71%
SUN.AX,SUNCORP FPO [SUN],0.0,100,70,0,100,66,50.0,55.14%
ZBRA,Zebra Technologies Corporation,1.88,80,30,50,20,33,75.0,51.86%
EXPD,Expeditors International of Was,0.42,100,30,100,80,66,75.0,64.43%
FOXA,Fox Corporation,0.0,100,65,100,100,33,62.5,65.79%
A5G,,0.0,20,0,0,20,33,12.5,12.21%
FPH.NZ,Fisher & Paykel Healthcare Corp,0.0,70,100,50,60,66,62.5,58.36%
REG,Regency Centers Corporation,0.75,40,0,0,80,67,37.5,34.93%
KRZ,,0.0,20,0,0,20,33,12.5,12.21%
9766.T,KONAMI GROUP CORPORATION,0.83,70,30,50,60,66,87.5,54.79%
GMAB.CO,Genmab A/S,1.61,100,100,50,60,66,100.0,78.71%
FDS,FactSet Research Systems Inc.,1.17,100,65,50,80,33,87.5,66.5%
9101.T,NIPPON YUSEN KABUSHIKI KAISHA,0.0,80,0,0,80,67,37.5,37.79%
8015.T,TOYOTA TSUSHO CORP,0.0,50,0,0,80,34,12.5,25.21%
UPM,89980,0.0,20,0,0,20,33,12.5,12.21%
ACS,1538592,0.0,20,0,0,20,33,12.5,12.21%
BAER.SW,JULIUS BAER N,0.76,80,0,0,80,67,37.5,40.64%
FNF,"Fidelity National Financial, In",0.0,80,35,100,80,33,37.5,52.21%
2.HK,,0.0,20,0,0,20,33,12.5,12.21%
ESLT.TA,ELBIT SYSTEMS LTD,0.0,40,70,50,60,66,50.0,48.0%
CG,The Carlyle Group Inc.,1.86,80,100,0,60,0,62.5,53.93%
DOCU,"DocuSign, Inc.",0.0,50,0,50,20,66,50.0,33.71%
SCG.AX,SCENTRE STAPLED [SCG],0.0,70,35,0,100,34,25.0,37.71%
7936.T,ASICS CORP,0.45,70,100,50,60,66,87.5,61.93%
FBK,FB Financial Corporation,0.0,50,0,0,60,67,25.0,28.86%
NST.AX,NTH STAR FPO [NST],0.0,70,70,0,80,66,50.0,48.0%
NBIX,"Neurocrine Biosciences, Inc.",0.0,70,70,50,40,66,50.0,49.43%
SGE.L,THE SAGE GROUP PLC ORD 1 4/77P,0.0,50,65,0,40,33,50.0,34.0%
OMC,Omnicom Group Inc.,1.69,60,30,100,40,33,75.0,59.0%
TECK.B.TO,,0.0,20,0,0,20,33,12.5,12.21%
EPI-A.ST,Epiroc AB ser. A,0.59,100,30,50,60,33,62.5,50.79%
COO,"The Cooper Companies, Inc.",1.83,20,0,0,40,100,62.5,42.5%
ALFA.ST,Alfa Laval AB,0.94,100,65,50,60,66,100.0,65.86%
7532.T,PAN PACIFIC INTL HLDGS CORP,0.65,50,30,0,40,33,50.0,31.86%
LOGN.SW,LOGITECH N,0.88,100,30,50,60,66,87.5,59.07%
DT,"Dynatrace, Inc.",0.91,100,100,0,40,66,87.5,59.07%
LISP.SW,LINDT PS,2.64,50,0,0,60,100,62.5,53.21%
WSO,"Watsco, Inc.",0.89,100,30,50,60,66,87.5,59.07%
GGG,Graco Inc.,0.78,80,30,50,40,66,75.0,51.57%
COH.AX,COCHLEAR FPO [COH],0.0,70,65,0,60,66,37.5,42.64%
AVY,Avery Dennison Corporation,1.13,80,30,50,60,33,75.0,54.0%
WPC,W. P. Carey Inc. REIT,0.0,0,35,0,40,67,12.5,22.07%
WN.TO,WESTON GEORGE,0.0,30,30,100,20,33,50.0,37.57%
STMN.SW,STRAUMANN N,1.24,70,30,0,60,66,75.0,50.14%
EG,"Everest Group, Ltd.",0.0,50,0,50,80,100,37.5,45.36%
WRT1V,,0.0,20,0,0,20,33,12.5,12.21%
ALLE,Allegion plc,1.0,80,30,50,40,33,75.0,51.14%
4507.T,SHIONOGI & CO,0.0,100,35,0,100,67,37.5,48.5%
9503.T,KANSAI ELECTRIC POWER CO INC,0.0,60,30,0,60,34,25.0,29.86%
HEN3,,0.0,20,0,0,20,33,12.5,12.21%
WTC.AX,WISETECH FPO [WTC],0.0,50,35,0,40,66,25.0,30.86%
URW,,0.0,20,0,0,20,33,12.5,12.21%
UTHR,United Therapeutics Corporation,0.0,100,100,100,80,66,62.5,72.64%
8473.T,SBI HOLDINGS INC,0.0,50,70,0,80,34,25.0,37.0%
IAG.AX,INSUR.AUST FPO [IAG],0.0,100,65,0,100,66,62.5,56.21%
11.HK,,0.0,20,0,0,20,33,12.5,12.21%
SCHP.SW,SCHINDLER PS,0.61,70,30,50,60,66,75.0,53.0%
CPU.AX,CSHARE FPO [CPU],0.0,80,30,0,40,33,37.5,31.5%
ARX.TO,ARC RESOURCES LTD.,0.0,100,100,100,100,100,75.0,82.14%
CCH.L,COCA-COLA HBC AG ORD CHF6.70 (C,1.39,80,65,0,60,33,75.0,51.86%
EQT.ST,EQT AB,2.15,40,35,0,60,66,62.5,51.93%
1605.T,INPEX CORPORATION,0.0,70,0,100,100,100,50.0,60.0%
CNC,Centene Corporation,2.1,50,35,50,60,67,50.0,58.86%
EMA.TO,EMERA INCORPORATED,0.0,50,35,0,60,34,12.5,27.36%
RCI.B.TO,,0.0,20,0,0,20,33,12.5,12.21%
SN..L,,0.0,20,0,0,20,33,12.5,12.21%
EDP,27498,0.0,20,0,0,20,33,12.5,12.21%
TRN,"Trinity Industries, Inc.",0.0,30,0,0,40,0,12.5,11.79%
DKS,Dick's Sporting Goods Inc,0.68,80,30,100,60,33,62.5,55.07%
BIRG,,0.0,20,0,0,20,33,12.5,12.21%
MB,MasterBeef Group,0.0,30,30,0,0,0,25.0,12.14%
LYB,LyondellBasell Industries NV,2.83,0,0,0,40,67,37.5,34.93%
8795.T,T&D HOLDINGS INC,0.0,70,0,0,100,67,25.0,37.43%
S63.SI,ST Engineering,1.29,50,65,0,40,33,75.0,44.71%
SOON.SW,SONOVA N,0.0,80,30,0,40,33,37.5,31.5%
8830.T,SUMITOMO REALTY & DEVELOPMENT C,0.0,30,0,0,60,34,12.5,19.5%
INCY,Incyte Corporation,15.84,80,65,100,20,66,87.5,74.07%
RDDT,"Reddit, Inc.",0.0,20,35,0,20,66,25.0,23.71%
9104.T,MITSUI O.S.K. LINES LTD,0.0,80,0,0,80,34,25.0,31.29%
BBY,"Best Buy Co., Inc.",1.85,60,30,50,40,33,75.0,51.86%
KIM,Kimco Realty Corporation (HC),0.0,70,35,0,80,67,37.5,41.36%
7733.T,OLYMPUS CORPORATION,0.55,80,0,0,80,66,62.5,44.07%
PST,ProShares UltraShort Lehman 7-1,0.0,20,0,0,20,33,12.5,12.21%
1CO,,0.0,20,0,0,20,33,12.5,12.21%
BMRN,BioMarin Pharmaceutical Inc.,3.25,70,70,100,80,100,87.5,86.79%
6988.T,NITTO DENKO CORP,0.56,50,0,0,80,33,37.5,31.5%
BG,Bunge Limited,0.0,80,35,100,80,34,37.5,52.36%
QIA,,0.0,20,0,0,20,33,12.5,12.21%
JKHY,"Jack Henry & Associates, Inc.",0.87,100,65,50,60,66,100.0,65.86%
JHX.AX,J HARDIE CDI 1:1 [JHX],0.0,60,30,50,0,0,37.5,25.36%
TOU.TO,TOURMALINE OIL CORP,0.0,70,35,50,100,100,62.5,59.64%
4684.T,OBIC CO LTD,0.0,70,100,0,60,66,62.5,51.21%
G1A,,0.0,20,0,0,20,33,12.5,12.21%
6.HK,,0.0,20,0,0,20,33,12.5,12.21%
CNA.L,CENTRICA PLC ORD 6 14/81P,0.0,20,0,0,40,33,12.5,15.07%
ARE,Alexandria Real Estate Equities,0.0,20,0,0,60,67,12.5,22.79%
SY1,,0.0,20,0,0,20,33,12.5,12.21%
DOC,"Healthpeak Properties, Inc.",0.0,0,0,0,40,67,12.5,17.07%
GFC,,0.0,20,0,0,20,33,12.5,12.21%
COV,,0.0,20,0,0,20,33,12.5,12.21%
CPT,Camden Property Trust,0.0,40,35,0,80,33,25.0,30.43%
CU.TO,"CANADIAN UTILITIES LTD., CL.A, ",0.0,50,35,0,60,34,25.0,29.14%
UHALB,,0.0,20,0,0,20,33,12.5,12.21%
CRDA.L,CRODA INTERNATIONAL PLC ORD 10.,1.97,50,0,0,60,66,62.5,44.79%
1038.HK,CKI HOLDINGS,0.95,70,0,0,100,100,62.5,50.36%
CVC,2393377,0.0,20,0,0,20,33,12.5,12.21%
ROCK-B.CO,Rockwool A/S ser. B,0.0,80,30,50,60,66,62.5,49.79%
CPR,,0.0,20,0,0,20,33,12.5,12.21%
IPN,SPDR S&P International Industri,0.0,20,0,0,20,33,12.5,12.21%
DEMANT.CO,Demant A/S,1.66,60,30,0,20,33,62.5,40.07%
1997.HK,WHARF REIC,0.0,20,0,0,60,100,37.5,31.07%
ICL.TA,ICL GROUP LTD,0.0,50,0,0,40,66,37.5,27.64%
TIT,,0.0,20,0,0,20,33,12.5,12.21%
BMED,iShares Health Innovation Activ,0.0,50,0,0,20,33,25.0,18.29%
AMUN,,0.0,20,0,0,20,33,12.5,12.21%
4716.T,ORACLE CORP JAPAN,0.0,70,30,50,40,33,50.0,39.0%
F34.SI,Wilmar Intl,1.66,50,0,0,80,67,50.0,46.0%
BMW3,,0.0,20,0,0,20,33,12.5,12.21%
6841.T,YOKOGAWA ELECTRIC CORP,0.0,100,35,0,80,33,37.5,40.79%
CEN.NZ,Contact Energy Limited Ordinary,0.0,100,70,0,80,33,37.5,45.79%
SMIN.L,SMITHS GROUP PLC ORD 37.5P,1.15,100,35,0,60,66,75.0,55.14%
AGI.TO,ALAMOS GOLD INC CLS A,0.0,40,70,50,60,66,50.0,48.0%
X.TO,TMX GROUP LIMITED,0.0,20,35,100,40,66,50.0,44.43%
KRX,,0.0,20,0,0,20,33,12.5,12.21%
SJM,The J.M. Smucker Company,0.0,0,0,0,40,67,12.5,17.07%
9532.T,OSAKA GAS CO,0.0,70,35,0,100,67,37.5,44.21%
ANTO.L,ANTOFAGASTA PLC ORD 5P,0.0,100,70,0,60,0,25.0,36.43%
SRG,Seritage Growth Properties,0.0,20,35,0,40,67,12.5,24.93%
COLO-B.CO,Coloplast B A/S,0.87,30,30,50,20,33,75.0,36.86%
AGN,,0.0,20,0,0,20,33,12.5,12.21%
UDR,"UDR, Inc.",0.0,20,35,0,40,33,25.0,21.86%
NDSN,Nordson Corporation,1.2,100,65,50,60,33,75.0,61.86%
MNDY,monday.com Ltd.,2.17,20,35,0,20,66,50.0,41.57%
ENTG,"Entegris, Inc.",1.35,0,0,0,20,33,37.5,20.07%
IEX,IDEX Corporation,1.33,80,0,50,40,66,75.0,51.57%
NWSA,News Corporation,0.0,40,35,0,80,100,50.0,43.57%
Z,"Zillow Group, Inc.",0.0,20,35,0,20,66,25.0,23.71%
DSCT.TA,ISRAEL DISCOUNT BK,0.0,100,0,0,80,33,25.0,34.0%
EXO,,0.0,20,0,0,20,33,12.5,12.21%
ENX,19801,0.0,20,0,0,60,100,25.0,29.29%
GFL.TO,GFL ENVIRONMENTAL INC,0.0,20,0,0,40,33,12.5,15.07%
AMH,American Homes 4 Rent,0.0,40,35,0,80,67,37.5,37.07%
BVI,Bureau Veritas SA,0.0,20,0,0,20,33,12.5,12.21%
ABN,286776,0.0,20,0,0,20,33,12.5,12.21%
CARL-B.CO,Carlsberg B A/S,0.0,60,65,0,40,0,25.0,27.14%
PAYC,"Paycom Software, Inc.",1.03,100,100,50,60,66,100.0,75.14%
BAX,Baxter International Inc.,0.0,0,0,0,40,67,12.5,17.07%
MG.TO,MAGNA INTERNATIONAL INC,0.0,70,35,100,100,67,50.0,60.29%
H.TO,HYDRO ONE LIMITED,0.59,50,35,0,60,0,37.5,28.93%
BALN.SW,BALOISE N,0.0,100,35,0,80,33,37.5,40.79%
RTO.L,RENTOKIL INITIAL PLC ORD 1P,1.32,0,0,0,20,33,37.5,20.07%
1812.T,KAJIMA CORP,0.0,70,35,0,100,34,25.0,37.71%
SGRO.L,SEGRO PLC ORD 10P,0.0,70,35,0,80,66,50.0,43.0%
PAAS.TO,PAN AMERICAN SILVER CORP,0.0,50,35,50,40,66,50.0,41.57%
FME,,0.0,20,0,0,20,33,12.5,12.21%
UHS,"Universal Health Services, Inc.",0.0,100,65,100,100,67,62.5,70.64%
NICE.TA,NICE LTD,2.13,100,35,50,60,66,100.0,73.0%
3626.T,TIS INC.,0.0,100,65,50,60,33,62.5,52.93%
TEL.OL,TELENOR,0.0,80,65,50,40,33,62.5,47.21%
AKZA,,0.0,20,0,0,20,33,12.5,12.21%
8697.T,JAPAN EXCHANGE GROUP,0.2,100,30,50,60,33,62.5,47.93%
BNZL.L,BUNZL PLC ORD 32 1/7P,0.88,60,30,0,40,33,62.5,35.07%
PSON.L,PEARSON PLC ORD 25P,0.0,70,0,0,80,66,37.5,36.21%
RVTY,"Revvity, Inc.",3.61,20,0,0,60,100,62.5,48.93%
ELS,"Equity Lifestyle Properties, In",0.0,50,30,50,40,33,50.0,36.14%
ASRNL,,0.0,20,0,0,20,33,12.5,12.21%
1113.HK,CK ASSET,1.25,50,35,0,80,100,62.5,53.93%
6326.T,KUBOTA CORP,1.0,50,0,0,80,67,50.0,42.43%
FUTU,Futu Holdings Limited,0.0,100,100,100,60,67,62.5,69.93%
SOLV,Solventum Corporation,0.0,20,0,0,20,33,25.0,14.0%
BKT,BlackRock Income Trust Inc. (Th,0.0,50,0,0,80,67,25.0,31.71%
GALP,,0.0,20,0,0,20,33,12.5,12.21%
WTRG,"Essential Utilities, Inc.",0.47,50,70,0,80,34,37.5,38.79%
BESI,5829,0.0,20,0,0,20,33,12.5,12.21%
WTB.L,WHITBREAD PLC ORD 76 122/153P,0.0,50,35,0,40,33,37.5,27.93%
3407.T,ASAHI KASEI CORP,0.0,50,0,0,80,34,12.5,25.21%
1802.T,OBAYASHI CORP,0.0,80,0,0,80,67,25.0,36.0%
MRO.L,MELROSE INDUSTRIES PLC ORD GBP0,2.18,50,0,0,40,0,37.5,32.5%
LIFCO-B.ST,Lifco AB ser.B,0.0,50,30,50,40,33,37.5,34.36%
GIL.TO,GILDAN ACTIVEWEAR INC.,0.0,80,65,50,60,33,62.5,50.07%
SVT.L,SEVERN TRENT PLC ORD 97 17/19P,0.0,30,0,0,20,0,12.5,8.93%
9697.T,CAPCOM CO LTD,0.89,40,70,0,60,66,75.0,47.29%
ALGN,"Align Technology, Inc.",2.57,70,35,100,60,66,87.5,74.07%
EFN.TO,ELEMENT FLEET MANAGEMENT CORP,0.0,80,0,0,40,33,37.5,27.21%
BXP,"BXP, Inc.",5.38,20,35,0,60,33,37.5,40.79%
DSG.TO,DESCARTES SYS,0.0,40,0,50,40,66,37.5,33.36%
8601.T,DAIWA SECURITIES GROUP,0.0,50,35,0,80,34,25.0,32.0%
FGR,,0.0,20,0,0,20,33,12.5,12.21%
9042.T,HANKYU HANSHIN HOLDINGS INC,0.0,30,35,0,60,34,12.5,24.5%
6383.T,DAIFUKU CO LTD,0.52,80,30,0,40,66,62.5,42.64%
NLY,Annaly Capital Management Inc.,0.0,30,35,0,40,34,12.5,21.64%
CAG,"ConAgra Brands, Inc.",0.18,80,0,50,80,67,37.5,44.93%
ERF,,0.0,20,0,0,20,33,12.5,12.21%
7270.T,SUBARU CORPORATION,0.0,50,35,100,80,100,50.0,59.29%
RO.SW,ROCHE I,2.82,80,65,0,40,33,75.0,56.14%
SNAP,Snap Inc.,0.0,0,0,0,0,33,12.5,6.5%
FM.TO,FIRST QUANTUM MINERALS LTD,0.0,20,0,0,40,0,0.0,8.57%
REA.AX,REA GROUP FPO [REA],0.0,70,65,0,60,66,50.0,44.43%
ERIE,Erie Indemnity Company,0.0,100,30,0,60,66,50.0,43.71%
MOWI.OL,MOWI,0.0,70,35,0,60,33,37.5,33.64%
AFG,"American Financial Group, Inc.",0.0,80,30,100,80,66,62.5,59.79%
3088.T,MATSUKIYOCOCOKARA & CO,0.0,50,0,0,60,33,25.0,24.0%
WCP.TO,WHITECAP RESOURCES INC,0.0,70,70,100,100,100,62.5,71.79%
MKS.L,MARKS AND SPENCER GROUP PLC ORD,3.17,50,0,0,40,33,50.0,39.0%
MAERSK-B.CO,A.P. Mller - Mrsk B A/S,0.0,80,0,0,60,66,37.5,34.79%
METSO,,0.0,20,0,0,20,33,12.5,12.21%
GWO.TO,GREAT-WEST LIFECO INC,0.0,80,0,50,80,67,37.5,44.93%
ABF.L,ASSOCIATED BRITISH FOODS PLC OR,1.18,50,0,0,60,66,62.5,41.21%
IOT,Samsara Inc.,0.0,20,35,0,20,66,25.0,23.71%
9021.T,WEST JAPAN RAILWAY CO,0.0,50,35,0,80,34,25.0,32.0%
3402.T,TORAY INDUSTRIES INC,0.0,50,0,0,80,67,25.0,31.71%
GRAB,Grab Holdings Limited,0.0,20,35,0,20,66,25.0,23.71%
EVN.AX,EVOLUTION FPO [EVN],0.0,100,100,0,60,66,62.5,55.5%
SHL.AX,SONIC HLTH FPO [SHL],0.0,50,0,0,60,67,25.0,28.86%
BPE,,0.0,20,0,0,20,33,12.5,12.21%
TLC.AX,LOTTERY FPO [TLC],0.0,30,30,0,20,33,37.5,21.5%
3.HK,,0.0,20,0,0,20,33,12.5,12.21%
MOH,Molina Healthcare Inc,0.0,80,65,100,60,33,50.0,55.43%
VACN.SW,VAT GROUP N,0.0,70,100,0,60,33,37.5,42.93%
HELN.SW,HELVETIA HOLDING N,0.0,100,35,0,100,0,25.0,37.14%
AUTO.L,AUTO TRADER GROUP PLC ORD 1P,0.0,100,30,0,60,66,50.0,43.71%
FORTUM,,0.0,20,0,0,20,33,12.5,12.21%
AVTR,"Avantor, Inc.",0.0,50,0,50,60,67,25.0,36.0%
BN4.SI,Keppel,0.75,50,35,0,80,67,50.0,43.14%
ADDT-B.ST,Addtech AB ser. B,0.0,70,65,50,60,33,50.0,46.86%
TAP,Molson Coors Beverage Company,0.26,70,0,50,100,100,50.0,52.86%
G24,,0.0,20,0,0,20,33,12.5,12.21%
EN,35076,0.0,20,0,0,20,33,12.5,12.21%
8113.T,UNICHARM CORP,1.05,50,0,100,60,66,75.0,57.29%
C38U.SI,CapLand IntCom T,0.1,70,0,0,100,67,37.5,39.21%
4523.T,EISAI CO LTD,0.0,40,35,0,80,100,50.0,43.57%
BSY,"Bentley Systems, Incorporated",0.8,30,65,50,20,33,50.0,38.29%
TLX,Telix Pharmaceuticals Limited,0.0,20,35,0,20,33,12.5,17.21%
SKF-B.ST,"SKF, AB ser. B",1.45,50,0,100,60,66,75.0,57.29%
27.HK,,0.0,20,0,0,20,33,12.5,12.21%
NHY.OL,NORSK HYDRO,0.0,50,0,100,80,100,50.0,54.29%
MAERSK-A.CO,A.P. Mller - Mrsk A A/S,0.0,80,0,0,60,66,37.5,34.79%
CAR.AX,CAR GROUP FPO [CAR],0.0,40,35,0,60,66,37.5,34.07%
TRYG.CO,Tryg A/S,0.0,80,0,0,60,66,37.5,34.79%
9502.T,CHUBU ELECTRIC POWER CO INC,0.0,30,0,0,60,34,12.5,19.5%
HM-B.ST,"Hennes & Mauritz AB, H & M ser.",0.89,60,30,50,20,33,75.0,41.14%
MNG.L,M&G PLC,0.0,0,35,0,20,0,0.0,7.86%
SGH.AX,SGHLIMITED FPO [SGH],0.0,20,0,0,40,33,12.5,15.07%
3659.T,NEXON CO LTD,0.25,50,0,50,60,66,62.5,41.21%
TELIA.ST,Telia Company AB,0.11,30,0,0,40,33,37.5,20.07%
S32.AX,SOUTH32 FPO [S32],0.0,50,35,0,60,100,37.5,40.36%
SIG.AX,SIGMAHEALT FPO [SIG],0.0,20,0,0,40,66,25.0,21.57%
5713.T,SUMITOMO METAL MINING CO,0.0,40,35,0,80,67,25.0,35.29%
AC,"Associated Capital Group, Inc.",0.0,70,35,50,100,67,37.5,51.36%
CON,Concentra Group Holdings Parent,0.0,60,65,50,40,33,50.0,42.57%
4612.T,NIPPON PAINT HOLDINGS CO LTD,1.74,70,35,0,100,67,62.5,58.5%
ORSTED.CO,ORSTED A/S,0.0,50,35,50,60,34,12.5,34.5%
DAL,"Delta Air Lines, Inc.",0.0,80,65,100,80,33,62.5,60.07%
ITRK.L,INTERTEK GROUP PLC ORD 1P,0.78,80,65,0,40,33,50.0,41.14%
WISE.L,WISE PLC CLS A ORD GBP0.01,0.4,80,65,0,20,66,62.5,41.93%
MPL.AX,MEDIBANK FPO [MPL],0.0,100,30,0,60,66,50.0,43.71%
BNR,Burning Rock Biotech Limited,0.0,20,0,0,40,100,25.0,26.43%
4689.T,LY CORPORATION,1.62,50,0,0,60,67,50.0,43.14%
KGF.L,KINGFISHER PLC ORD 15 5/7P,3.42,50,0,0,40,66,62.5,45.5%
FSV.TO,FIRSTSERVICE CORPORATION,0.0,70,35,50,60,33,37.5,40.79%
7911.T,TOPPAN HOLDINGS INC,0.0,50,0,50,80,67,25.0,38.86%
LI,Li Auto Inc.,1.02,50,0,50,40,100,75.0,52.14%
S68.SI,SGX,0.51,80,30,0,40,66,62.5,42.64%
ELE,101388,0.0,20,0,0,20,33,12.5,12.21%
BSL.AX,BLUESCOPE FPO [BSL],0.0,20,0,0,60,67,12.5,22.79%
TREL-B.ST,Trelleborg AB ser. B,0.0,50,0,50,60,66,50.0,39.43%
4755.T,RAKUTEN GROUP INC,0.0,0,35,0,20,0,0.0,7.86%
CA,Xtrackers California Municipal ,0.0,20,0,0,20,33,12.5,12.21%
RIVN,"Rivian Automotive, Inc.",0.0,20,35,0,20,0,0.0,10.71%
SGP.AX,STOCKLAND. STAPLED [SGP],0.0,70,35,0,100,67,37.5,44.21%
TIH.TO,TOROMONT IND,0.0,80,30,50,40,66,62.5,46.93%
IAG.TO,IA FINANCIAL CORPORATION,0.0,100,70,100,100,33,50.0,64.71%
DVA,DaVita Inc.,1.35,60,30,100,40,67,75.0,60.29%
YAR.OL,YARA INTERNATIONAL,0.0,70,70,50,80,33,50.0,50.43%
LKQ,LKQ Corporation,1.89,70,0,100,100,67,62.5,67.79%
UNI,Unicaja Banco SA,0.0,20,0,0,20,33,12.5,12.21%
6869.T,SYSMEX CORP,0.0,50,0,0,60,33,25.0,24.0%
ALA.TO,ALTAGAS LTD.,0.0,30,0,0,60,34,12.5,19.5%
CPB,The Campbell's Company,2.93,60,30,50,60,33,75.0,58.29%
HEIO,,0.0,20,0,0,20,33,12.5,12.21%
ASX.AX,ASX FPO [ASX],0.0,100,0,0,60,33,25.0,31.14%
SYENS,,0.0,20,0,0,20,33,12.5,12.21%
HEN,,0.0,20,0,0,20,33,12.5,12.21%
GBLB,,0.0,20,0,0,20,33,12.5,12.21%
HRL,Hormel Foods Corporation,0.67,70,0,0,100,100,50.0,48.57%
ORNBV,,0.0,20,0,0,20,33,12.5,12.21%
EMSN.SW,EMS-CHEMIE N,0.0,100,30,0,60,66,50.0,43.71%
ALO,,0.0,20,0,0,20,33,12.5,12.21%
66.HK,,0.0,20,0,0,20,33,12.5,12.21%
MZTF.TA,MIZRAHI TEFAHOT BK,0.0,100,30,0,80,33,37.5,40.07%
TEN,Tsakos Energy Navigation Ltd,0.0,30,0,50,60,34,12.5,26.64%
SCA-B.ST,Svenska Cellulosa AB SCA ser. B,0.0,70,35,0,80,100,50.0,47.86%
83.HK,,0.0,20,0,0,20,33,12.5,12.21%
C6L.SI,SIA,0.0,100,65,100,100,67,62.5,70.64%
JPY.T,,0.0,20,0,0,20,33,12.5,12.21%
AKRBP.OL,AKER BP,0.0,50,0,50,40,33,37.5,30.07%
SKA-B.ST,Skanska AB ser. B,0.0,50,0,100,80,100,50.0,54.29%
4188.T,MITSUBISHI CHEMICAL GROUP CORP,0.0,50,0,0,60,34,12.5,22.36%
KEY.TO,KEYERA CORP,0.0,60,30,50,40,33,50.0,37.57%
CAE.TO,CAE INC,0.0,70,35,0,60,33,37.5,33.64%
JMT,,0.0,20,0,0,20,33,12.5,12.21%
4911.T,SHISEIDO COMPANY LIMITED,0.0,40,35,0,80,67,25.0,35.29%
BOL.ST,Boliden AB,0.0,80,0,100,60,67,37.5,49.21%
FOX,Fox Corporation,0.0,100,65,100,100,33,62.5,65.79%
8136.T,SANRIO CO LTD,0.69,70,100,0,60,33,62.5,49.36%
7309.T,SHIMANO INC,0.39,20,0,0,60,67,37.5,26.36%
UAL,"United Airlines Holdings, Inc.",0.37,60,30,100,40,33,62.5,46.5%
288.HK,,0.0,20,0,0,20,33,12.5,12.21%
CCL.B.TO,,0.0,20,0,0,20,33,12.5,12.21%
A17U.SI,CapLand Ascendas REIT,0.09,50,0,0,80,67,37.5,33.5%
4204.T,SEKISUI CHEMICAL CO,0.0,50,0,0,80,100,37.5,38.21%
8951.T,NIPPON BUILDING FUND INC,0.0,50,0,0,40,34,12.5,19.5%
ELISA,,0.0,20,0,0,20,33,12.5,12.21%
RNO,50685,0.0,20,0,0,20,33,12.5,12.21%
OMV,,0.0,20,0,0,20,33,12.5,12.21%
8593.T,MITSUBISHI HC CAPITAL INC,0.0,50,70,0,80,34,25.0,37.0%
CTC.A.TO,,0.0,20,0,0,20,33,12.5,12.21%
PAH3,,0.0,20,0,0,20,33,12.5,12.21%
TEL2-B.ST,Tele2 AB ser. B,0.27,80,65,50,40,33,75.0,49.0%
2801.T,KIKKOMAN CORP,0.15,50,0,0,80,33,37.5,28.64%
TFII.TO,TFI INTERNATIONAL INC,0.0,60,0,50,20,33,37.5,28.64%
OTEX.TO,OPEN TEXT CORPORATION,0.0,30,0,0,20,33,25.0,15.43%
EDEN,iShares Inc iShares MSCI Denmar,0.0,50,0,0,40,33,25.0,21.14%
EVD,,0.0,20,0,0,20,33,12.5,12.21%
9843.T,NITORI HOLDINGS CO LTD,0.0,70,0,0,100,67,25.0,37.43%
NESTE,,0.0,20,0,0,20,33,12.5,12.21%
4151.T,KYOWA KIRIN CO LTD,0.0,20,0,50,60,67,25.0,31.71%
1801.T,TAISEI CORP,0.0,100,35,0,100,67,50.0,50.29%
7259.T,AISIN CORPORATION,0.0,50,0,0,80,67,25.0,31.71%
3064.T,MONOTARO CO.LTD,0.0,70,100,50,60,66,75.0,60.14%
ENT.L,ENTAIN PLC ORD EUR0.01,0.0,0,0,0,20,33,12.5,9.36%
RXL,ProShares Ultra Health Care,0.0,50,0,0,20,33,25.0,18.29%
ZAL,,0.0,20,0,0,20,33,12.5,12.21%
6479.T,MINEBEA MITSUMI INC,0.0,50,0,0,80,67,25.0,31.71%
ORK.OL,ORKLA,0.0,100,35,50,100,66,62.5,59.07%
T.TO,TELUS CORPORATION,0.0,0,0,0,40,33,25.0,14.0%
6504.T,FUJI ELECTRIC CO. LTD.,0.0,80,0,0,80,33,25.0,31.14%
KBX,,0.0,20,0,0,20,33,12.5,12.21%
6823.HK,HKT-SS,0.0,80,30,0,80,33,37.5,37.21%
QBR.B.TO,,0.0,20,0,0,20,33,12.5,12.21%
5411.T,JFE HOLDINGS INC,0.0,50,0,0,80,34,12.5,25.21%
9602.T,TOHO CO LTD,0.0,20,0,50,40,66,37.5,30.5%
BTRW.L,BARRATT REDROW PLC ORD 10P,5.2,70,70,0,60,33,62.5,56.5%
2269.T,MEIJI HOLDINGS CO LTD,0.95,50,0,0,80,100,62.5,44.64%
IFT.NZ,Infratil Limited Ordinary Share,0.0,20,35,0,60,67,12.5,27.79%
7186.T,CONCORDIA FINANCIAL GROUP LTD,0.0,70,70,0,100,67,37.5,49.21%
7912.T,DAI NIPPON PRINTING CO,0.0,50,0,0,80,67,25.0,31.71%
7272.T,YAMAHA MOTOR CO,0.0,50,0,50,60,67,25.0,36.0%
SECU-B.ST,Securitas AB ser. B,0.0,80,35,100,80,33,62.5,55.79%
6920.T,LASERTEC CORP,0.0,100,100,50,60,66,75.0,64.43%
4704.T,TREND MICRO INC,0.0,50,30,50,40,66,62.5,42.64%
IAG,Iamgold Corporation,0.0,80,65,100,60,33,50.0,55.43%
SCHN.SW,SCHINDLER N,0.65,70,30,50,60,66,75.0,53.0%
LUN.TO,LUNDIN MINING CORP.,0.0,40,35,50,80,66,50.0,45.86%
7202.T,ISUZU MOTORS,0.0,50,0,100,80,34,25.0,41.29%
H,Hyatt Hotels Corporation,0.0,0,0,0,20,33,25.0,11.14%
7701.T,SHIMADZU CORP,0.0,50,0,0,60,33,25.0,24.0%
LHA,,0.0,20,0,0,20,33,12.5,12.21%
GET,,0.0,20,0,0,20,33,12.5,12.21%
ELI,95280,0.0,20,0,0,20,33,12.5,12.21%
NIBE-B.ST,NIBE Industrier AB ser. B,0.0,70,35,50,80,33,50.0,45.43%
IMCD,,0.0,20,0,0,20,33,12.5,12.21%
J36,,0.0,20,0,0,20,33,12.5,12.21%
SBRY.L,SAINSBURY (J) PLC ORD 28 4/7P,1.73,50,0,0,60,33,50.0,38.29%
EPI-B.ST,Epiroc AB ser. B,0.66,100,30,50,60,33,62.5,50.79%
WPP.L,WPP PLC ORD 10P,0.0,60,0,0,40,33,25.0,22.57%
SOL.AX,SOUL W.H. FPO [SOL],0.0,70,35,0,80,67,25.0,39.57%
7201.T,NISSAN MOTOR CO,0.0,0,0,0,20,34,0.0,7.71%
CAD.TO,,0.0,20,0,0,20,33,12.5,12.21%
5019.T,IDEMITSU KOSAN CO.LTD,0.0,50,0,0,80,34,12.5,25.21%
INDT.ST,Indutrade AB,0.0,50,30,50,40,33,50.0,36.14%
APA.AX,APA GROUP STAPLED [APA],0.0,0,0,0,20,33,12.5,9.36%
AM,Antero Midstream Corporation,0.0,80,100,50,60,33,62.5,55.07%
WIX,Wix.com Ltd.,2.88,40,70,50,60,100,75.0,70.71%
REC,Emles Real Estate Credit ETF,0.0,20,0,0,20,33,12.5,12.21%
VER,,0.0,20,0,0,20,33,12.5,12.21%
ACI,"Albertsons Companies, Inc.",1.14,60,30,50,40,33,75.0,48.29%
AIA.NZ,Auckland International Airport ,0.0,50,35,0,60,67,25.0,33.86%
BFB,,0.0,20,0,0,20,33,12.5,12.21%
DCC.L,DCC PLC ORD EUR0.25 (CDI),0.0,50,0,0,40,0,12.5,14.64%
BEIJ-B.ST,Beijer Ref AB ser. B,0.0,40,0,50,60,33,37.5,31.5%
H78,,0.0,20,0,0,20,33,12.5,12.21%
GJF.OL,GJENSIDIGE FORSIKRING,0.0,100,100,0,60,66,62.5,55.5%
4528.T,ONO PHARMACEUTICAL CO,0.0,50,0,50,80,67,25.0,38.86%
2413.T,M3 INC,0.0,40,35,0,60,33,25.0,27.57%
KESKOB,,0.0,20,0,0,20,33,12.5,12.21%
HKD.HK,Rainbow China Growth HKD,0.0,20,0,0,20,33,12.5,12.21%
SIGN.SW,SIG GROUP N,0.0,70,0,0,100,67,25.0,37.43%
WFG.TO,WEST FRASER TIMBER CO LTD,0.0,20,0,0,60,100,25.0,29.29%
MNDI.L,MONDI PLC ORD EUR 0.22,0.0,50,0,0,40,0,12.5,14.64%
EMP.A.TO,,0.0,20,0,0,20,33,12.5,12.21%
SOBI.ST,Swedish Orphan Biovitrum AB,1.47,70,70,50,60,66,87.5,64.79%
LEG,"Leggett & Platt, Incorporated",0.0,60,30,100,60,67,50.0,52.43%
RAND,Rand Capital Corporation,0.0,20,0,0,60,100,25.0,29.29%
EVK,,0.0,20,0,0,20,33,12.5,12.21%
1928.HK,SANDS CHINA LTD,1.61,60,30,0,20,33,62.5,40.07%
9005.T,TOKYU CORP,0.0,30,0,0,60,34,12.5,19.5%
TEMN.SW,TEMENOS N,1.77,80,100,100,60,33,87.5,76.5%
BIM,bioMerieux SA,0.0,20,0,0,20,33,12.5,12.21%
5201.T,AGC INC,0.0,50,0,0,60,100,37.5,35.36%
U96.SI,Sembcorp Ind,1.39,60,30,0,60,0,50.0,35.71%
6586.T,MAKITA CORP,0.27,70,35,0,100,67,50.0,46.0%
9107.T,KAWASAKI KISEN KAISHA,0.0,80,30,0,80,67,37.5,42.07%
P911,,0.0,20,0,0,20,33,12.5,12.21%
9CI.SI,CapitaLandInvest,1.77,20,0,0,60,67,50.0,38.86%
LUG.TO,LUNDIN GOLD INC,0.0,100,100,50,60,66,75.0,64.43%
DIE,,0.0,20,0,0,20,33,12.5,12.21%
1878.T,DAITO TRUST CONSTRUCTION CO,0.0,80,30,0,80,33,37.5,37.21%
SRT3,,0.0,20,0,0,20,33,12.5,12.21%
INDU-C.ST,"Industrivrden, AB ser. C",0.0,50,0,0,80,100,37.5,38.21%
LAND.L,LAND SECURITIES GROUP PLC ORD 1,0.0,50,35,0,60,33,25.0,29.0%
DIM,WisdomTree International MidCap,0.0,50,0,0,40,33,25.0,21.14%
STERV,,0.0,20,0,0,20,33,12.5,12.21%
9435.T,HIKARI TSUSHIN INC,0.0,50,0,0,80,34,12.5,25.21%
4091.T,NIPPON SANSO HOLDINGS CORPORATI,0.0,50,0,0,60,0,12.5,17.5%
VCX.AX,VICINITY STAPLED [VCX],0.0,70,35,0,100,100,50.0,50.71%
7735.T,SCREEN HOLDINGS CO LTD,0.0,80,30,50,60,66,62.5,49.79%
SPX.L,SPIRAX GROUP PLC ORD 26 12/13P,0.7,50,0,0,40,33,50.0,27.57%
INDU-A.ST,"Industrivrden, AB ser. A",0.0,50,0,0,80,100,37.5,38.21%
BS6.SI,YZJ Shipbldg SGD,2.55,100,65,0,100,100,87.5,78.93%
AVOL.SW,AVOLTA N,1.87,50,35,0,40,33,50.0,40.43%
QAN.AX,QANTAS FPO [QAN],0.0,80,65,0,60,33,50.0,41.14%
SAGA-B.ST,Sagax AB B,0.0,50,0,0,80,33,25.0,26.86%
SAP.TO,SAPUTO INC.,0.0,40,35,0,80,33,25.0,30.43%
BKW.SW,BKW N,0.0,50,0,0,80,100,37.5,38.21%
AKE,,0.0,20,0,0,20,33,12.5,12.21%
DHER,,0.0,20,0,0,20,33,12.5,12.21%
3003.T,HULIC CO LTD,0.0,60,35,0,60,34,12.5,28.79%
SOF,Amplify ETF Trust Amplify Samsu,0.0,20,0,0,20,33,12.5,12.21%
UHR.SW,SWATCH GROUP I,1.69,20,0,0,60,100,50.0,43.57%
TEP,"Tallgrass Energy Partners, LP",0.0,20,0,0,20,33,12.5,12.21%
ANA,,0.0,20,0,0,20,33,12.5,12.21%
IVN.TO,IVANHOE MINES LTD,0.0,20,0,0,20,33,25.0,14.0%
7752.T,RICOH CO,0.0,70,35,0,100,100,50.0,50.71%
BARN.SW,BARRY CALLEBAUT N,3.8,0,35,0,40,0,25.0,28.57%
9143.T,SG HOLDINGS CO LTD,0.0,50,0,0,80,34,12.5,25.21%
PHNX.L,PHOENIX GROUP HOLDINGS PLC ORD ,0.0,0,0,0,20,33,12.5,9.36%
BOL,469208,0.0,20,0,0,20,33,12.5,12.21%
8331.T,CHIBA BANK,0.0,70,35,0,100,67,25.0,42.43%
ILS,ETF Opportunities Trust Brookmo,0.0,20,0,0,20,33,12.5,12.21%
NZD,,0.0,20,0,0,20,33,12.5,12.21%
DKK,1800,0.0,20,0,0,20,33,12.5,12.21%
SEK,,0.0,20,0,0,20,33,12.5,12.21%
EUR,,0.0,20,0,0,20,33,12.5,12.21%
2299955D.TO,,0.0,20,0,0,20,33,12.5,12.21%
Z-U5.L,,0.0,20,0,0,20,33,12.5,12.21%
VGU5,,0.0,20,0,0,20,33,12.5,12.21%
ESU5,,0.0,20,0,0,20,33,12.5,12.21%
AUD,,0.0,20,0,0,20,33,12.5,12.21%
JPY,Lazard Japanese Equity ETF,0.0,50,0,0,40,33,25.0,21.14%
SEK.ST,,0.0,20,0,0,20,33,12.5,12.21%
GBP,167147,0.0,20,0,0,20,33,12.5,12.21%
TPU5.T,,0.0,20,0,0,20,33,12.5,12.21%
SGD,Safe and Green Development Corp,0.0,0,35,0,20,34,0.0,12.71%
HKD,AMTD Digital Inc.,0.0,100,65,0,60,66,62.5,50.5%
CAD,PIMCO Canada Bond Index Exchang,0.0,20,0,0,20,33,12.5,12.21%
CHF,22732,0.0,20,0,0,20,33,12.5,12.21%
NOK,Nokia Corporation Sponsored,1.33,50,0,0,60,100,62.5,46.07%
GBP.L,,0.0,20,0,0,20,33,12.5,12.21%
LUND-B.ST,"Lundbergfretagen AB, L E ser.",0.0,50,35,50,80,100,50.0,52.14%
BALD-B.ST,Fastighets AB Balder ser. B,0.0,30,0,0,40,67,25.0,23.14%
LATO-B.ST,"Latour, Investmentab. ser. B",0.0,20,0,50,40,33,37.5,25.79%
GRF,"Eagle Capital Growth Fund, Inc.",0.0,50,0,0,80,67,25.0,31.71%
RAA,SMI 3Fourteen REAL Asset Alloca,0.0,50,0,0,20,33,25.0,18.29%
9023.T,TOKYO METRO CO LTD,0.0,50,35,0,80,34,25.0,32.0%
INW,,0.0,20,0,0,20,33,12.5,12.21%
19.HK,,0.0,20,0,0,20,33,12.5,12.21%
9202.T,ANA HOLDINGS INC,0.0,60,0,0,60,67,25.0,30.29%
MEL.NZ,Meridian Energy Limited (NS) Or,0.0,20,0,0,60,100,25.0,29.29%
7181.T,JAPAN POST INSURANCE CO LTD,0.0,50,35,0,80,34,25.0,32.0%
HOLM-B.ST,Holmen AB ser. B,0.0,50,0,0,60,100,37.5,35.36%
4768.T,OTSUKA CORPORATION,0.0,100,100,50,80,66,75.0,67.29%
3038.T,KOBE BUSSAN CO LTD,0.0,70,65,50,60,33,50.0,46.86%
7550.T,ZENSHO HOLDINGS CO LTD,0.0,30,30,0,20,0,12.5,13.21%
6645.T,OMRON CORP,3.12,20,0,0,60,100,50.0,47.14%
G13.SI,Genting Sing,0.93,50,0,0,80,100,62.5,44.64%
BEPC.TO,BROOKFIELD RENEWABLE CORPORATIO,0.0,0,0,0,20,33,12.5,9.36%
EDPR,,0.0,20,0,0,20,33,12.5,12.21%
NEXI,"NexImmune, Inc.",0.0,20,0,50,40,67,12.5,27.07%
SDR.L,SCHRODERS PLC ORD 20P,0.0,50,0,0,60,66,37.5,30.5%
FDJU,,0.0,20,0,0,20,33,12.5,12.21%
AZRG.TA,AZRIELI GROUP,0.0,50,70,0,40,33,37.5,32.93%
HIK.L,HIKMA PHARMACEUTICALS PLC ORD S,0.0,100,30,0,80,33,37.5,40.07%
IGM.TO,IGM FINANCIAL INC.,0.0,100,35,50,100,67,37.5,55.64%
BCVN.SW,BC VAUD N,0.0,50,0,0,80,33,25.0,26.86%
JDEP,,0.0,20,0,0,20,33,12.5,12.21%
INPST,,0.0,20,0,0,20,33,12.5,12.21%
12.HK,,0.0,20,0,0,20,33,12.5,12.21%
2897.T,NISSIN FOODS HOLDINGS CO. LTD.,0.0,50,0,0,80,67,25.0,31.71%
2587.T,SUNTORY BEVERAGE & FOOD LIMITED,0.0,50,0,50,80,100,37.5,45.36%
6465.T,HOSHIZAKI CORPORATION,0.88,70,0,0,80,66,62.5,42.64%
LOTB,,0.0,20,0,0,20,33,12.5,12.21%
2267.T,YAKULT HONSHA CO,0.0,50,0,0,80,67,25.0,31.71%
9719.T,SCSK CORP,0.0,50,100,0,40,33,50.0,39.0%
REH.AX,REECE FPO [REH],0.0,50,0,0,60,100,37.5,35.36%
SALM.OL,SALMAR,0.0,0,0,0,20,0,0.0,2.86%
NZD.NZ,,0.0,20,0,0,20,33,12.5,12.21%
9613.T,NTT DATA GROUP CORPORATION,0.0,20,0,0,40,0,12.5,10.36%
DKK.CO,,0.0,20,0,0,20,33,12.5,12.21%
1308.HK,SITC,0.0,100,100,0,80,66,62.5,58.36%
4.HK,,0.0,20,0,0,20,33,12.5,12.21%
4324.T,DENTSU GROUP INC,0.0,20,0,0,60,67,12.5,22.79%
3092.T,ZOZO INC,0.93,100,30,50,60,33,75.0,52.57%
JD..L,,0.0,20,0,0,20,33,12.5,12.21%
DIA,SPDR Dow Jones Industrial Avera,0.0,50,0,0,60,67,25.0,28.86%
RED,,0.0,20,0,0,20,33,12.5,12.21%
BCE.TO,BCE INC.,0.0,20,0,0,60,33,12.5,17.93%
AUD.AX,,0.0,20,0,0,20,33,12.5,12.21%
NOK.OL,,0.0,20,0,0,20,33,12.5,12.21%
SGD.SI,First State Asia Innovation,0.0,20,0,0,20,33,12.5,12.21%
ILS.TA,,0.0,20,0,0,20,33,12.5,12.21%
9201.T,JAPAN AIRLINES CO LTD,0.0,70,70,0,100,67,37.5,49.21%
ETD_JPY.T,,0.0,20,0,0,20,33,12.5,12.21%
CHF.SW,,0.0,20,0,0,20,33,12.5,12.21%
MARGIN_JPY.T,,0.0,20,0,0,20,33,12.5,12.21%
